no;date;copayment;policy;annual_pay;note;;;;;;
;;;;;;;;;;;
92;1.1.2013;13,8;3;;;;;;;;
92;1.1.2014;14,7;3;;;;;;;;
92;1.2.2015;16,1;3;;;;;;;;
92;1.2.2016;16,4;3;;;;;;;;
;;;;;;;;;;;
179;1.1.2013;13,8;3;;;;;;;;
179;1.1.2014;14,7;3;;;;;;;;
179;1.1.2015;16,1;3;;;;;;;;
179;1.2.2016;20,9;3;;;;;;;;
179;1.1.2018;20,6;3;;;;;;;;
;;;;;;;;;;;
77;1.1.2013;13,8;3;;;;;;;;
77;1.1.2014;14,7;3;;;;;;;;
77;1.1.2015;16,1;3;;;;;;;;
77;1.2.2016;20,9;3;;;;;;;;
77;1.1.2018;20,6;3;;;;;;;;
;;;;;;;;;;;
500;1.1.2013;13,8;3;;;;;;;;
500;1.1.2014;14,7;3;;;;;;;;
500;1.1.2015;16,1;3;;;;;;;;
500;1.2.2016;20,9;3;;;;;;;;
500;1.1.2018;20,6;3;;;;;;;;
;;;;;;;;;;;
892;1.1.2013;13,8;3;;;;;;;;
892;1.1.2014;14,7;3;;;;;;;;
892;1.1.2015;16,1;3;;;;;;;;
892;1.2.2016;20,9;3;;;;;;;;
892;1.1.2018;20,6;3;;;;;;;;
;;;;;;;;;;;
286;1.1.2013;13,8;1;27,5;;;;;;;
286;1.1.2014;14,7;1;29,3;;;;;;;
286;1.1.2015;16,1;3;;;;;;;;
286;1.2.2016;18,7;3;;;;;;;;
286;1.1.2017;20,9;3;;;;;;;;
286;1.1.2018;20,6;3;;;;;;;;
;;;;;;;;;;;
698;1.1.2013;13,8;1;27,5;;;;;;;
698;1.1.2014;14,7;1;29,3;Alkamispäivä epävarma;;;;;;
698;1.1.2015;16,1;1;32,1;;;;;;;
698;1.1.2016;20,9;1;41,7;;;;;;;
698;1.1.2018;20,6;1;41,2;;;;;;;
;;;;;;;;;;;
638;1.1.2013;13,8;3;;;;;;;;
638;1.1.2014;14,7;3;;;;;;;;
638;1.1.2015;16,1;3;;;;;;;;
638;1.1.2016;18,5;3;;Alkamispäivä epävarma;;;;;;
638;1.1.2017;20,9;3;;;;;;;;
638;1.1.2018;20,6;3;;;;;;;;
;;;;;;;;;;;
297;1.1.2013;13,8;3;;;;;;;;
297;1.1.2014;14,7;3;;;;;;;;
297;1.1.2015;16,1;3;;;;;;;;
297;1.1.2016;20,9;3;;;;;;;;
297;1.1.2018;20,6;3;;;;;;;;
;;;;;;;;;;;
476;1.1.2013;13,8;3;;;;;;;;
476;1.1.2014;14,7;3;;Lakkasi 2015;;;;;;
;;;;;;;;;;;
857;1.1.2013;13,8;3;;;;;;;;
857;1.1.2014;14,7;3;;;;;;;;
857;1.1.2015;16,1;3;;;;;;;;
857;1.1.2016;20,9;3;;;;;;;;
857;1.1.2018;20,6;3;;;;;;;;
;;;;;;;;;;;
905;1.1.2013;13,8;1;27,5;Tapa epävarma - mahdollisesti vaihtunut jossain kohtaa tavaksi 3 ja maksuksi 13,75;;;;;;
905;1.1.2014;14,7;3;;;;;;;;
905;1.1.2015;16,1;3;;;;;;;;
905;1.1.2016;20,9;3;;;;;;;;
905;31.3.2017;20,9;2;;;;;;;;
905;1.1.2018;20,6;2;;;;;;;;
;;;;;;;;;;;
399;1.1.2013;13,8;1;27,5;Tapa epävarma - mahdollisesti vaihtunut jossain kohtaa tavaksi 3 ja maksuksi 13,75;;;;;;
399;1.1.2014;14,7;3;;;;;;;;
399;1.1.2015;16,1;3;;;;;;;;
399;1.1.2016;20,9;3;;;;;;;;
399;31.3.2017;20,9;2;;;;;;;;
399;1.1.2018;20,6;2;;;;;;;;
;;;;;;;;;;;
743;1.1.2013;13,8;1;27,5;;;;;;;
743;1.1.2014;14,7;3;;;;;;;;
743;1.1.2015;16,1;3;;;;;;;;
743;1.1.2016;20,9;3;;;;;;;;
743;1.1.2018;20,6;3;;;;;;;;
;;;;;;;;;;;
152;1.1.2013;13,8;1;27,5;;;;;;;
152;1.1.2014;14,7;3;;;;;;;;
152;1.1.2015;16,1;3;;;;;;;;
152;1.1.2016;20,9;3;;;;;;;;
152;1.1.2018;20,6;3;;;;;;;;
;;;;;;;;;;;
9;1.1.2013;13,8;1;27,5;;;;;;;
9;1.1.2014;14,7;1;29,3;Tapa epävarma;;;;;;
9;1.1.2015;16,1;1;32,1;Tapa epävarma;;;;;;
9;1.1.2016;20,9;3;;;;;;;;
9;1.1.2018;20,6;3;;;;;;;;
;;;;;;;;;;;
535;1.1.2013;13,8;1;27,5;;;;;;;
535;1.1.2014;14,7;1;29,3;Tapa epävarma;;;;;;
535;1.1.2015;16,1;1;32,1;Tapa epävarma;;;;;;
535;1.1.2016;20,9;3;;;;;;;;
535;1.1.2018;20,6;3;;;;;;;;
;;;;;;;;;;;
746;1.1.2013;13,8;1;27,5;;;;;;;
746;1.1.2014;14,7;1;29,3;Tapa epävarma;;;;;;
746;1.1.2015;16,1;1;32,1;Tapa epävarma;;;;;;
746;1.1.2016;20,9;3;;;;;;;;
746;1.1.2018;20,6;3;;;;;;;;
;;;;;;;;;;;
977;1.1.2013;13,8;1;27,5;;;;;;;
977;1.1.2014;14,7;1;29,3;Tapa epävarma;;;;;;
977;1.1.2015;16,1;1;32,1;Tapa epävarma;;;;;;
977;1.1.2016;20,9;3;;;;;;;;
977;1.1.2018;20,6;3;;;;;;;;
;;;;;;;;;;;
105;1.1.2013;13,8;3;;;;;;;;
105;1.1.2014;14,7;3;;;;;;;;
105;1.1.2015;16,1;3;;;;;;;;
105;1.1.2016;20,9;3;;;;;;;;
105;15.2.2016;20,9;33;;;;;;;;
105;1.1.2018;20,6;33;;;;;;;;
;;;;;;;;;;;
205;1.1.2013;13,8;3;;;;;;;;
205;1.1.2014;14,7;3;;;;;;;;
205;1.1.2015;16,1;3;;;;;;;;
205;1.1.2016;20,9;3;;;;;;;;
205;15.2.2016;20,9;33;;;;;;;;
205;1.1.2018;20,6;33;;;;;;;;
;;;;;;;;;;;
290;1.1.2013;13,8;3;;;;;;;;
290;1.1.2014;14,7;3;;;;;;;;
290;1.1.2015;16,1;3;;;;;;;;
290;1.1.2016;20,9;3;;;;;;;;
290;15.2.2016;20,9;33;;;;;;;;
290;1.1.2018;20,6;33;;;;;;;;
;;;;;;;;;;;
578;1.1.2013;13,8;3;;;;;;;;
578;1.1.2014;14,7;3;;;;;;;;
578;1.1.2015;16,1;3;;;;;;;;
578;1.1.2016;20,9;3;;;;;;;;
578;15.2.2016;20,9;33;;;;;;;;
578;1.1.2018;20,6;33;;;;;;;;
;;;;;;;;;;;
697;1.1.2013;13,8;3;;;;;;;;
697;1.1.2014;14,7;3;;;;;;;;
697;1.1.2015;16,1;3;;;;;;;;
697;1.1.2016;20,9;3;;;;;;;;
697;15.2.2016;20,9;33;;;;;;;;
697;1.1.2018;20,6;33;;;;;;;;
;;;;;;;;;;;
765;1.1.2013;13,8;3;;;;;;;;
765;1.1.2014;14,7;3;;;;;;;;
765;1.1.2015;16,1;3;;;;;;;;
765;1.1.2016;20,9;3;;;;;;;;
765;15.2.2016;20,9;33;;;;;;;;
765;1.1.2018;20,6;33;;;;;;;;
;;;;;;;;;;;
777;1.1.2013;13,8;3;;;;;;;;
777;1.1.2014;14,7;3;;;;;;;;
777;1.1.2015;16,1;3;;;;;;;;
777;1.1.2016;20,9;3;;;;;;;;
777;15.2.2016;20,9;33;;;;;;;;
777;1.1.2018;20,6;33;;;;;;;;
;;;;;;;;;;;
398;1.1.2013;13,8;3;;;;;;;;
398;1.1.2014;14,7;3;;;;;;;;
398;1.1.2015;16,1;3;;;;;;;;
398;1.1.2016;20,9;1;41,7;;;;;;;
398;1.1.2017;20,9;1;41,7;;;;;;;
398;1.1.2018;20,6;1;41,2;;;;;;;
;;;;;;;;;;;
491;1.1.2013;13,8;3;;;;;;;;
491;1.1.2014;14,7;3;;;;;;;;
491;1.1.2015;16,1;3;;Alkamispäivää ei voida vahvistaa;;;;;;
491;1.1.2016;20,9;3;;;;;;;;
491;1.1.2018;20,6;3;;;;;;;;
;;;;;;;;;;;
97;1.1.2013;13,8;3;;;;;;;;
97;1.1.2014;14,7;3;;;;;;;;
97;1.1.2015;16,1;3;;Alkamispäivää ei voida vahvistaa;;;;;;
97;1.1.2016;20,9;3;;;;;;;;
97;1.1.2018;20,6;3;;;;;;;;
;;;;;;;;;;;
213;1.1.2013;13,8;3;;;;;;;;
213;1.1.2014;14,7;3;;;;;;;;
213;1.1.2015;16,1;3;;Alkamispäivää ei voida vahvistaa;;;;;;
213;1.1.2016;20,9;3;;;;;;;;
213;1.1.2018;20,6;3;;;;;;;;
;;;;;;;;;;;
507;1.1.2013;13,8;3;;;;;;;;
507;1.1.2014;14,7;3;;;;;;;;
507;1.1.2015;16,1;3;;Alkamispäivää ei voida vahvistaa;;;;;;
507;1.1.2016;20,9;3;;;;;;;;
507;1.1.2018;20,6;3;;;;;;;;
;;;;;;;;;;;
588;1.1.2013;13,8;3;;;;;;;;
588;1.1.2014;14,7;3;;;;;;;;
588;1.1.2015;16,1;3;;Alkamispäivää ei voida vahvistaa;;;;;;
588;1.1.2016;20,9;3;;;;;;;;
588;1.1.2018;20,6;3;;;;;;;;
;;;;;;;;;;;
623;1.1.2013;13,8;3;;;;;;;;
623;1.1.2014;14,7;3;;;;;;;;
623;1.1.2015;16,1;3;;Alkamispäivää ei voida vahvistaa;;;;;;
623;1.1.2016;20,9;3;;;;;;;;
623;1.1.2018;20,6;3;;;;;;;;
;;;;;;;;;;;
49;1.1.2013;13,8;3;;Alkamispäivää ei voida vahvistaa;;;;;;
49;1.2.2014;14,7;3;;;;;;;;
49;1.1.2015;16,1;3;;;;;;;;
49;7.3.2016;16,4;3;;;;;;;;
;;;;;;;;;;;
245;1.1.2013;13,8;3;;;;;;;;
245;1.1.2014;14,7;3;;;;;;;;
245;1.1.2015;16,1;3;;;;;;;;
245;1.1.2016;16,4;3;;;;;;;;
;;;;;;;;;;;
445;1.1.2013;13,8;1;27,5;Tapa epävarma - mahdollisesti 0;;;;;;
445;1.1.2014;14,7;1;29,3;Tapaa ei voida vahvistaa;;;;;;
445;1.1.2015;16,1;13;32,1;;;;;;;
445;1.1.2016;20,9;1;41,7;;;;;;;
445;1.1.2018;20,6;1;41,2;;;;;;;
;;;;;;;;;;;
422;1.1.2013;13,8;3;;Tapaa ei voida vahvistaa;;;;;;
422;1.1.2014;14,7;3;;Alkamispäivää tai tapaa ei voida vahvistaa.;;;;;;
422;1.1.2015;16,1;3;;;;;;;;
422;1.6.2016;18;3;;;;;;;;
422;1.1.2017;20,9;3;;;;;;;;
422;1.1.2018;20,6;3;;;;;;;;
;;;;;;;;;;;
75;1.1.2013;13,8;13;27,5;;;;;;;
75;1.1.2014;14,7;13;29,3;Alkamispäivää ei voida vahvistaa;;;;;;
75;1.1.2015;16,1;13;32,1;;;;;;;
75;1.2.2016;18,5;13;36,9;;;;;;;
75;1.1.2017;;0;41,7;Alkamispäivä epävarma - kokous 11.1.;;;;;;
75;1.1.2018;20,6;13;41,2;;;;;;;
;;;;;;;;;;;
91;1.1.2013;0;3;;;;;;;;
;;;;;;;;;;;
240;1.1.2013;13,8;3;;;;;;;;
240;1.1.2014;14,7;3;;;;;;;;
240;1.1.2015;16,1;3;;;;;;;;
240;1.2.2016;17,7;3;;Alkamispäivä epävarma - päätettiin 25.1. mutta tieto eteenpäin 1.2.;;;;;;
240;1.3.2018;17,5;3;;;;;;;;
;;;;;;;;;;;
244;1.1.2013;13,8;1;27,5;;;;;;;
244;1.1.2014;14,7;1;29,3;;;;;;;
244;20.1.2015;16,1;1;32,1;;;;;;;
244;1.1.2016;20,9;1;41,7;;;;;;;
244;1.1.2017;20,9;3;;;;;;;;
244;1.1.2018;20,6;3;;;;;;;;
;;;;;;;;;;;
418;1.1.2013;13,8;1;27,5;;;;;;;
418;1.1.2014;14,7;1;29,3;;;;;;;
418;1.1.2015;16,1;1;32,1;;;;;;;
418;1.1.2016;17,7;1;35,3;;;;;;;
418;1.1.2018;20,6;1;41,2;;;;;;;
;;;;;;;;;;;
536;1.1.2013;13,8;13;27,5;;;;;;;
536;1.1.2014;;0;29,3;;;;;;;
536;1.1.2015;16,1;1;32,1;;;;;;;
536;1.1.2016;20,01;1;39,9;;;;;;;
536;1.1.2017;20,9;1;41,7;;;;;;;
536;1.1.2018;20,6;1;41,2;;;;;;;
;;;;;;;;;;;
593;1.1.2013;13,8;3;;;;;;;;
593;1.1.2014;14,7;3;;;;;;;;
593;1.2.2015;16,1;3;;;;;;;;
593;1.1.2016;20,9;33;;;;;;;;
593;1.1.2018;20,6;3;;;;;;;;
;;;;;;;;;;;
749;1.1.2013;13,8;3;;;;;;;;
749;1.1.2014;14,7;3;;;;;;;;
749;1.1.2015;16,1;3;;;;;;;;
749;1.1.2016;18,9;3;;;;;;;;
749;1.1.2017;20,9;3;;;;;;;;
749;1.1.2018;20,6;3;;;;;;;;
;;;;;;;;;;;
257;1.1.2013;13,8;3;;;;;;;;
257;1.1.2014;14,7;3;;Tapaa ei voida vahvistaa;;;;;;
257;1.1.2015;16,1;3;;Alkamispäivä epävarma;;;;;;
257;1.1.2016;20,9;3;;;;;;;;
257;1.1.2018;20,6;3;;;;;;;;
;;;;;;;;;;;
564;1.1.2013;;;;Tieto puuttuu - luultavasti asetuksen mukaiset;;;;;;
564;1.1.2014;14,7;3;;;;;;;;
564;1.1.2015;16,1;3;;;;;;;;
564;1.3.2016;16,4;3;;;;;;;;
564;1.3.2017;20,9;3;;;;;;;;
564;1.1.2018;20,6;3;;;;;;;;
;;;;;;;;;;;
753;1.1.2013;13,8;3;;;;;;;;
753;1.1.2014;14,7;3;;;;;;;;
753;1.1.2015;16,1;3;;;;;;;;
753;1.1.2016;20,9;3;;;;;;;;
753;1.1.2018;20,6;3;;;;;;;;
;;;;;;;;;;;
980;1.1.2013;13,8;3;;;;;;;;
980;1.1.2014;14,7;3;;Tapaa ei voida vahvistaa;;;;;;
980;1.1.2015;16,1;3;;;;;;;;
980;1.1.2016;20,9;3;;;;;;;;
980;1.1.2018;20,6;3;;;;;;;;
;;;;;;;;;;;
182;1.1.2013;13,8;1;27,5;;;;;;;
182;1.1.2014;14,7;1;29,3;;;;;;;
182;1.1.2015;16,1;1;32,1;;;;;;;
182;1.1.2016;16,4;13;32,7;Tapaa ei voida vahvistaa;;;;;;
182;1.2.2017;19;13;41,7;;;;;;;
182;1.1.2018;19;13;41,2;;;;;;;
;;;;;;;;;;;
291;1.1.2013;13,8;1;27,5;;;;;;;
291;1.1.2014;14,7;1;29,3;;;;;;;
291;1.1.2015;16,1;1;32,1;;;;;;;
291;1.1.2016;16,4;13;32,7;Tapaa ei voida vahvistaa;;;;;;
291;1.2.2017;19;13;41,7;;;;;;;
291;1.1.2018;19;13;41,2;;;;;;;
;;;;;;;;;;;
423;1.1.2013;13,8;3;;;;;;;;
423;1.1.2014;14,7;3;;Tapaa ei voida vahvistaa;;;;;;
423;1.1.2015;16,1;3;;;;;;;;
423;1.1.2016;20,9;3;;Tapaa ei voida vahvistaa;;;;;;
423;1.1.2018;20,6;3;;;;;;;;
;;;;;;;;;;;
284;1.1.2013;13,8;3;;;;;;;;
284;1.1.2014;14,7;3;;Tapaa ei voida vahvistaa;;;;;;
284;1.1.2015;16,1;3;;;;;;;;
284;1.1.2016;20,9;3;;Tapaa ei voida vahvistaa;;;;;;
284;1.1.2018;20,6;3;;;;;;;;
;;;;;;;;;;;
480;1.1.2013;13,8;3;;;;;;;;
480;1.1.2014;14,7;3;;Tapaa ei voida vahvistaa;;;;;;
480;1.1.2015;16,1;3;;;;;;;;
480;1.1.2016;20,9;3;;Tapaa ei voida vahvistaa;;;;;;
480;1.1.2018;20,6;3;;;;;;;;
;;;;;;;;;;;
838;1.1.2013;13,8;3;;;;;;;;
838;1.1.2014;14,7;3;;Tapaa ei voida vahvistaa;;;;;;
838;1.1.2015;;;;Lakannut vuonna 2015;;;;;;
;;;;;;;;;;;
430;1.1.2013;13,8;3;;Määrä epävarma;;;;;;
430;1.1.2014;14,7;3;;;;;;;;
430;1.1.2015;16,1;3;;;;;;;;
430;1.1.2016;16,4;3;;;;;;;;
430;1.2.2016;20,9;3;;;;;;;;
430;1.1.2018;20,6;3;;;;;;;;
;;;;;;;;;;;
561;1.1.2013;13,8;3;;Määrä epävarma;;;;;;
561;1.1.2014;14,7;3;;;;;;;;
561;1.1.2015;16,1;3;;;;;;;;
561;1.1.2016;16,4;3;;;;;;;;
561;1.2.2016;20,9;3;;;;;;;;
561;1.1.2018;20,6;3;;;;;;;;
;;;;;;;;;;;
434;1.1.2013;13,8;3;;;;;;;;
434;1.1.2014;14,7;3;;;;;;;;
434;1.1.2015;16,1;3;;;;;;;;
434;1.1.2016;20,9;3;;;;;;;;
434;1.1.2018;20,6;3;;;;;;;;
;;;;;;;;;;;
407;1.1.2013;13,8;3;;;;;;;;
407;1.1.2014;14,7;3;;;;;;;;
407;1.1.2015;16,1;3;;;;;;;;
407;1.1.2016;20,9;3;;;;;;;;
407;1.1.2018;20,6;3;;;;;;;;
;;;;;;;;;;;
604;1.1.2013;13,8;3;;;;;;;;
604;1.1.2014;14,7;3;;;;;;;;
604;1.1.2016;20,9;3;;;;;;;;
604;1.1.2018;20,6;3;;;;;;;;
;;;;;;;;;;;
922;1.1.2013;13,8;3;;;;;;;;
922;1.1.2014;14,7;3;;;;;;;;
922;1.1.2016;20,9;3;;;;;;;;
922;1.1.2018;20,6;3;;;;;;;;
;;;;;;;;;;;
20;1.1.2013;13,8;3;;;;;;;;
20;1.1.2014;14,7;3;;;;;;;;
20;1.1.2015;16,1;3;;;;;;;;
20;1.1.2016;20,9;3;;;;;;;;
20;1.1.2018;20,6;3;;;;;;;;
;;;;;;;;;;;
887;1.1.2013;13,8;3;;;;;;;;
887;1.1.2014;14,7;3;;;;;;;;
887;1.1.2015;16,1;3;;;;;;;;
887;1.1.2016;20,9;3;;;;;;;;
887;1.1.2018;20,6;3;;;;;;;;
;;;;;;;;;;;
680;1.1.2013;13,8;1;27,5;;;;;;;
680;1.1.2014;14,7;1;29,3;;;;;;;
680;1.1.2015;16,1;1;32,1;;;;;;;
680;1.1.2016;20,9;1;41,7;;;;;;;
680;1.1.2018;20,6;1;41,2;;;;;;;
;;;;;;;;;;;
704;1.1.2013;13,8;1;27,5;;;;;;;
704;1.1.2014;14,7;1;29,3;;;;;;;
704;1.1.2015;16,1;1;32,1;;;;;;;
704;1.1.2016;20,9;1;41,7;;;;;;;
704;1.1.2018;20,6;1;41,2;;;;;;;
;;;;;;;;;;;
186;1.1.2013;13,8;3;;;;;;;;
186;1.1.2014;14,7;3;;;;;;;;
186;1.1.2015;16,1;3;;;;;;;;
186;1.3.2016;19,3;3;;;;;;;;
186;1.1.2018;20,6;3;;;;;;;;
;;;;;;;;;;;
541;1.1.2013;13,8;3;;;;;;;;
541;1.1.2014;14,7;3;;;;;;;;
541;1.1.2015;16,1;3;;;;;;;;
541;1.1.2016;16,4;3;;;;;;;;
541;1.1.2017;20,9;3;;;;;;;;
541;1.1.2018;20,6;3;;;;;;;;
;;;;;;;;;;;
911;1.1.2013;13,8;3;;;;;;;;
911;1.1.2014;14,7;3;;;;;;;;
911;1.1.2015;16,1;3;;;;;;;;
911;1.1.2016;16,4;3;;;;;;;;
911;1.1.2017;20,9;3;;;;;;;;
911;1.1.2018;20,6;3;;;;;;;;
;;;;;;;;;;;
172;1.1.2013;13,8;3;;;;;;;;
172;1.1.2014;14,7;3;;;;;;;;
172;1.1.2015;16,1;3;;;;;;;;
172;1.1.2016;20,9;3;;;;;;;;
172;1.1.2018;20,6;3;;;;;;;;
;;;;;;;;;;;
249;1.1.2013;13,8;3;;;;;;;;
249;1.1.2014;14,7;3;;;;;;;;
249;1.1.2015;16,1;3;;;;;;;;
249;1.1.2016;20,9;3;;;;;;;;
249;1.1.2018;20,6;3;;;;;;;;
;;;;;;;;;;;
275;1.1.2013;13,8;3;;;;;;;;
275;1.1.2014;14,7;3;;;;;;;;
275;1.1.2015;16,1;3;;;;;;;;
275;1.1.2016;20,9;3;;;;;;;;
275;1.1.2018;20,6;3;;;;;;;;
;;;;;;;;;;;
410;1.1.2013;13,8;3;;;;;;;;
410;1.1.2014;14,7;3;;;;;;;;
410;1.1.2015;16,1;3;;;;;;;;
410;1.1.2016;20,9;3;;;;;;;;
410;1.1.2018;20,6;3;;;;;;;;
;;;;;;;;;;;
435;1.1.2013;13,8;3;;;;;;;;
435;1.1.2014;14,7;3;;;;;;;;
435;1.1.2015;16,1;3;;;;;;;;
435;1.1.2016;20,9;3;;;;;;;;
435;1.1.2018;20,6;3;;;;;;;;
;;;;;;;;;;;
495;1.1.2013;13,8;3;;;;;;;;
495;1.1.2014;14,7;3;;;;;;;;
495;1.1.2015;16,1;3;;;;;;;;
495;1.1.2016;20,9;3;;;;;;;;
495;1.1.2018;20,6;3;;;;;;;;
;;;;;;;;;;;
592;1.1.2013;13,8;3;;;;;;;;
592;1.1.2014;14,7;3;;;;;;;;
592;1.1.2015;16,1;3;;;;;;;;
592;1.1.2016;20,9;3;;;;;;;;
592;1.1.2018;20,6;3;;;;;;;;
;;;;;;;;;;;
850;1.1.2013;13,8;3;;;;;;;;
850;1.1.2014;14,7;3;;;;;;;;
850;1.1.2015;16,1;3;;;;;;;;
850;1.1.2016;20,9;3;;;;;;;;
850;1.1.2018;20,6;3;;;;;;;;
;;;;;;;;;;;
272;1.1.2013;;;;Tieto puuttuu  - luultavasti enimmäismaksu;;;;;;
272;1.1.2014;14,7;3;;;;;;;;
272;1.1.2015;16,1;3;;;;;;;;
272;1.1.2016;20,9;3;;;;;;;;
272;1.1.2018;20,6;3;;;;;;;;
;;;;;;;;;;;
288;1.1.2013;;;;Tieto puuttuu - luultavasti enimmäismaksu;;;;;;
288;1.1.2014;14,7;3;;;;;;;;
288;1.1.2015;16,1;3;;;;;;;;
288;1.1.2016;20,9;3;;;;;;;;
288;1.1.2018;20,6;3;;;;;;;;
;;;;;;;;;;;
202;1.1.2013;13,8;1;27,5;;;;;;;
202;1.1.2014;14,7;1;29,3;;;;;;;
202;1.1.2015;16,1;3;;Alkamispäivä epävarma;;;;;;
202;1.2.2016;20,9;3;;;;;;;;
202;1.1.2018;20,6;3;;;;;;;;
;;;;;;;;;;;
484;1.1.2013;13,8;3;;;;;;;;
484;1.1.2014;14,7;3;;;;;;;;
484;1.1.2015;16,1;3;;;;;;;;
484;1.1.2016;16,4;3;;;;;;;;
484;1.6.2016;20,9;3;;Alkamispäivää ei voida vahvistaa - kokous 16.5.;;;;;;
484;1.1.2018;20,6;3;;;;;;;;
;;;;;;;;;;;
609;1.1.2013;13,8;3;;;;;;;;
609;1.1.2014;14,7;3;;;;;;;;
609;1.1.2015;16,1;3;;;;;;;;
609;1.1.2016;16,4;3;;;;;;;;
609;1.6.2016;20,9;3;;Alkamispäivää ei voida vahvistaa - kokous 16.5.;;;;;;
609;1.1.2018;20,6;3;;;;;;;;
;;;;;;;;;;;
886;1.1.2013;13,8;3;;;;;;;;
886;1.1.2014;14,7;3;;;;;;;;
886;1.1.2015;16,1;3;;;;;;;;
886;1.1.2016;16,4;3;;;;;;;;
886;1.6.2016;20,9;3;;Alkamispäivää ei voida vahvistaa - kokous 16.5.;;;;;;
886;1.1.2018;20,6;3;;;;;;;;
;;;;;;;;;;;
499;1.1.2013;13,8;1;27,5;;;;;;;
499;1.1.2014;14,7;1;29,3;;;;;;;
499;1.1.2015;16,1;1;32,1;;;;;;;
499;1.1.2016;20,9;1;41,7;;;;;;;
499;1.1.2018;20,6;1;41,2;;;;;;;
;;;;;;;;;;;
946;1.1.2013;13,8;1;27,5;;;;;;;
946;1.1.2014;14,7;1;29,3;;;;;;;
946;1.1.2015;16,1;1;32,1;;;;;;;
946;1.1.2016;20,9;1;41,7;;;;;;;
946;1.1.2018;20,6;1;41,2;;;;;;;
;;;;;;;;;;;
858;1.1.2013;13,8;3;;;;;;;;
858;1.1.2014;14,7;3;;;;;;;;
858;1.1.2015;16,1;3;;;;;;;;
858;1.1.2016;20,9;3;;;;;;;;
858;1.1.2018;20,6;3;;Täsmennetään kyseessä olevan yleislääkärin vastaanotto;;;;;;
;;;;;;;;;;;
61;1.1.2013;13,8;1;27,5;;;;;;;
61;1.1.2014;14,7;1;29,3;;;;;;;
61;1.1.2015;16,1;3;;;;;;;;
61;1.1.2016;17,7;3;;;;;;;;
61;1.1.2018;19,5;3;;;;;;;;
;;;;;;;;;;;
103;1.1.2013;13,8;1;27,5;;;;;;;
103;1.1.2014;14,7;1;29,3;;;;;;;
103;1.1.2015;16,1;3;;;;;;;;
103;1.1.2016;17,7;3;;;;;;;;
103;1.1.2018;19,5;3;;;;;;;;
;;;;;;;;;;;
169;1.1.2013;13,8;1;27,5;;;;;;;
169;1.1.2014;14,7;1;29,3;;;;;;;
169;1.1.2015;16,1;3;;;;;;;;
169;1.1.2016;17,7;3;;;;;;;;
169;1.1.2018;19,5;3;;;;;;;;
;;;;;;;;;;;
834;1.1.2013;13,8;1;27,5;;;;;;;
834;1.1.2014;14,7;1;29,3;;;;;;;
834;1.1.2015;16,1;3;;;;;;;;
834;1.1.2016;17,7;3;;;;;;;;
834;1.1.2018;19,5;3;;;;;;;;
;;;;;;;;;;;
981;1.1.2013;13,8;1;27,5;;;;;;;
981;1.1.2014;14,7;1;29,3;;;;;;;
981;1.1.2015;16,1;3;;;;;;;;
981;1.1.2016;17,7;3;;;;;;;;
981;1.1.2018;19,5;3;;;;;;;;
;;;;;;;;;;;
145;1.1.2013;13,8;1;27,5;;;;;;;
145;1.1.2014;14,7;3;;;;;;;;
145;1.1.2015;16,1;3;;;;;;;;
145;1.1.2016;20,9;3;;;;;;;;
145;1.1.2018;20,6;3;;;;;;;;
;;;;;;;;;;;
164;1.1.2013;13,8;1;27,5;;;;;;;
164;1.1.2014;14,7;3;;;;;;;;
164;1.1.2015;16,1;3;;Lakannut vuodesta 2016;;;;;;
;;;;;;;;;;;
301;1.1.2013;13,8;1;27,5;;;;;;;
301;1.1.2014;14,7;3;;;;;;;;
301;1.1.2015;16,1;3;;;;;;;;
301;1.1.2016;20,9;3;;;;;;;;
301;1.1.2018;20,6;3;;;;;;;;
;;;;;;;;;;;
224;1.1.2013;13,8;3;;;;;;;;
224;1.1.2014;14,7;3;;Alkamispäivä epävarma - kokous 28.1.;;;;;;
224;1.1.2015;16,1;3;;;;;;;;
224;1.4.2016;18,5;3;;;;;;;;
;;;;;;;;;;;
927;1.1.2013;13,8;3;;;;;;;;
927;1.1.2014;14,7;3;;Alkamispäivä epävarma - kokous 28.1.;;;;;;
927;1.1.2015;16,1;3;;;;;;;;
927;1.4.2016;18,5;3;;;;;;;;
;;;;;;;;;;;
710;1.1.2013;13,8;13;27,5;;;;;;;
710;1.1.2014;14,7;13;29,3;;;;;;;
710;1.3.2015;16,1;3;;;;;;;;
710;1.1.2016;20,9;3;;;;;;;;
710;1.1.2018;20,6;3;;;;;;;;
;;;;;;;;;;;
444;1.1.2013;13,8;3;;;;;;;;
444;1.1.2014;14,7;3;;;;;;;;
444;1.1.2015;16,1;3;;;;;;;;
444;1.1.2016;17,5;3;;;;;;;;
444;1.1.2017;18,55;3;;;;;;;;
444;1.1.2018;19,5;3;;;;;;;;
444;1.9.2018;20,6;3;;;;;;;;
;;;;;;;;;;;
853;1.1.2013;13,8;3;;Tapaa ei voida vahvistaa;;;;;;
853;1.1.2014;14,7;3;;Alkamispäivämäärä epävarma;;;;;;
853;1.1.2015;16,1;3;;;;;;;;
853;1.1.2016;18,7;3;;;;;;;;
853;1.12.2016;20,9;3;;;;;;;;
853;1.1.2018;20,6;3;;;;;;;;
;;;;;;;;;;;
139;1.1.2013;13,8;1;27,5;;;;;;;
139;1.1.2014;14,7;1;29,3;Tapaa ei voida vahvistaa;;;;;;
139;1.1.2015;16,1;1;32,1;Tapaa ei voida vahvistaa;;;;;;
139;1.1.2016;20,9;1;41,7;;;;;;;
139;1.1.2018;20,6;1;41,2;Tapaa ei voida vahvistaa;;;;;;
;;;;;;;;;;;
615;1.1.2013;13,8;1;27,5;;;;;;;
615;1.1.2014;14,7;1;29,3;Tapaa ei voida vahvistaa;;;;;;
615;1.1.2015;16,1;1;32,1;Tapaa ei voida vahvistaa;;;;;;
615;1.1.2016;20,9;1;41,7;;;;;;;
615;1.1.2018;20,6;1;41,2;Tapaa ei voida vahvistaa;;;;;;
;;;;;;;;;;;
751;1.1.2013;13,8;1;27,5;;;;;;;
751;1.1.2014;14,7;1;29,3;Tapaa ei voida vahvistaa;;;;;;
751;1.1.2015;16,1;1;32,1;Tapaa ei voida vahvistaa;;;;;;
751;1.1.2016;20,9;1;41,7;;;;;;;
751;1.1.2018;20,6;1;41,2;Tapaa ei voida vahvistaa;;;;;;
;;;;;;;;;;;
785;1.1.2013;13,8;1;27,5;;;;;;;
785;1.1.2014;14,7;1;29,3;Tapaa ei voida vahvistaa;;;;;;
785;1.1.2015;16,1;1;32,1;Tapaa ei voida vahvistaa;;;;;;
785;1.1.2016;20,9;1;41,7;;;;;;;
785;1.1.2018;20,6;1;41,2;Tapaa ei voida vahvistaa;;;;;;
;;;;;;;;;;;
889;1.1.2013;13,8;1;27,5;;;;;;;
889;1.1.2014;14,7;1;29,3;Tapaa ei voida vahvistaa;;;;;;
889;1.1.2015;16,1;1;32,1;Tapaa ei voida vahvistaa;;;;;;
889;1.1.2016;20,9;1;41,7;;;;;;;
889;1.1.2018;20,6;1;41,2;Tapaa ei voida vahvistaa;;;;;;
;;;;;;;;;;;
577;1.1.2013;13,8;1;27,5;Tapa epävarma;;;;;;
577;1.1.2014;14,7;1;29,3;Tapa epävarma;;;;;;
577;1.1.2015;16,1;1;32,1;Tapa epävarma - mahdollisesti 3;;;;;;
577;1.1.2016;20,9;1;41,7;;;;;;;
577;1.1.2018;20,6;1;41,2;;;;;;;
;;;;;;;;;;;
738;1.1.2013;13,8;1;27,5;Tapa epävarma;;;;;;
738;1.1.2014;14,7;1;29,3;Tapa epävarma;;;;;;
738;1.1.2015;16,1;1;32,1;Tapa epävarma - mahdollisesti 3;;;;;;
738;1.1.2016;20,9;1;41,7;;;;;;;
738;1.1.2018;20,6;1;41,2;;;;;;;
;;;;;;;;;;;
151;1.1.2013;13,8;1;27,5;Alkamispäivä epävarma;;;;;;
151;1.1.2014;14,7;1;29,3;;;;;;;
151;1.1.2015;16,1;1;32,1;;;;;;;
151;1.1.2016;20,9;1;41,7;;;;;;;
151;1.1.2017;;0;41,7;;;;;;;
151;1.1.2018;;0;41,2;;;;;;;
;;;;;;;;;;;
218;1.1.2013;13,8;1;27,5;Alkamispäivä epävarma;;;;;;
218;1.1.2014;14,7;1;29,3;;;;;;;
218;1.1.2015;16,1;1;32,1;;;;;;;
218;1.1.2016;20,9;1;41,7;;;;;;;
218;1.1.2017;;0;41,7;;;;;;;
218;1.1.2018;;0;41,2;;;;;;;
;;;;;;;;;;;
232;1.1.2013;13,8;1;27,5;Alkamispäivä epävarma;;;;;;
232;1.1.2014;14,7;1;29,3;;;;;;;
232;1.1.2015;16,1;1;32,1;;;;;;;
232;1.1.2016;20,9;1;41,7;;;;;;;
232;1.1.2017;;0;41,7;;;;;;;
232;1.1.2018;;0;41,2;;;;;;;
;;;;;;;;;;;
846;1.1.2013;13,8;1;27,5;Alkamispäivä epävarma;;;;;;
846;1.1.2014;14,7;1;29,3;;;;;;;
846;1.1.2015;16,1;1;32,1;;;;;;;
846;1.1.2016;20,9;1;41,7;;;;;;;
846;1.1.2017;;0;41,7;;;;;;;
846;1.1.2018;;0;41,2;;;;;;;
;;;;;;;;;;;
426;1.1.2013;13,8;3;;;;;;;;
426;1.1.2014;14,7;3;;Alkamispäivää ei voida vahvistaa;;;;;;
426;1.1.2015;16,1;3;;;;;;;;
426;1.1.2016;20,9;3;;;;;;;;
426;1.1.2018;20,6;3;;;;;;;;
;;;;;;;;;;;
140;1.1.2013;13,8;3;;Alkamispäivä epävarma - tapa epävarma;;;;;;
140;1.1.2014;14,7;3;;Alkamispäivä epävarma - tapa epävarma;;;;;;
140;1.1.2015;16,1;3;;Alkamispäivä epävarma - tapa epävarma;;;;;;
140;1.1.2016;18,7;3;;Alkamispäivä epävarma;;;;;;
140;1.1.2018;18,7;3;;Alkamispäivää ei voida vahvistaa;;;;;;
;;;;;;;;;;;
263;1.1.2013;13,8;3;;Alkamispäivä epävarma - tapa epävarma;;;;;;
263;1.1.2014;14,7;3;;Alkamispäivä epävarma - tapa epävarma;;;;;;
263;1.1.2015;16,1;3;;Alkamispäivä epävarma - tapa epävarma;;;;;;
263;1.1.2016;18,7;3;;Alkamispäivä epävarma;;;;;;
263;1.1.2018;18,7;3;;Alkamispäivää ei voida vahvistaa;;;;;;
;;;;;;;;;;;
762;1.1.2013;13,8;3;;Alkamispäivä epävarma - tapa epävarma;;;;;;
762;1.1.2014;14,7;3;;Alkamispäivä epävarma - tapa epävarma;;;;;;
762;1.1.2015;16,1;3;;Alkamispäivä epävarma - tapa epävarma;;;;;;
762;1.1.2016;18,7;3;;Alkamispäivä epävarma;;;;;;
762;1.1.2018;18,7;3;;Alkamispäivää ei voida vahvistaa;;;;;;
;;;;;;;;;;;
925;1.1.2013;13,8;3;;Alkamispäivä epävarma - tapa epävarma;;;;;;
925;1.1.2014;14,7;3;;Alkamispäivä epävarma - tapa epävarma;;;;;;
925;1.1.2015;16,1;3;;Alkamispäivä epävarma - tapa epävarma;;;;;;
925;1.1.2016;18,7;3;;Alkamispäivä epävarma;;;;;;
925;1.1.2018;18,7;3;;Alkamispäivää ei voida vahvistaa;;;;;;
;;;;;;;;;;;
16;1.1.2013;13,8;3;;;;;;;;
16;1.1.2014;14,7;3;;;;;;;;
16;1.1.2015;16,1;3;;;;;;;;
16;1.1.2016;20,9;1;41,7;;;;;;;
16;1.1.2018;20,6;1;41,2;;;;;;;
;;;;;;;;;;;
98;1.1.2013;13,8;3;;;;;;;;
98;1.1.2014;14,7;3;;;;;;;;
98;1.1.2015;16,1;3;;;;;;;;
98;1.1.2016;20,9;1;41,7;;;;;;;
98;1.1.2018;20,6;1;41,2;;;;;;;
;;;;;;;;;;;
283;1.1.2013;13,8;3;;;;;;;;
283;1.1.2014;14,7;3;;;;;;;;
283;1.1.2015;16,1;3;;Lakannut vuoden 2016 alusta;;;;;;
;;;;;;;;;;;
316;1.1.2013;13,8;3;;;;;;;;
316;1.1.2014;14,7;3;;;;;;;;
316;1.1.2015;16,1;3;;;;;;;;
316;1.1.2016;20,9;1;41,7;;;;;;;
316;1.1.2018;20,6;1;41,2;;;;;;;
;;;;;;;;;;;
576;1.1.2013;13,8;3;;;;;;;;
576;1.1.2014;14,7;3;;;;;;;;
576;1.1.2015;16,1;3;;;;;;;;
576;1.1.2016;20,9;1;41,7;;;;;;;
576;1.1.2018;20,6;1;41,2;;;;;;;
;;;;;;;;;;;
50;1.1.2013;13,8;1;27,5;;;;;;;
50;1.1.2014;14,7;1;29,3;;;;;;;
50;1.1.2015;16,1;3;;;;;;;;
50;1.2.2016;16,4;3;;;;;;;;
;;;;;;;;;;;
102;1.1.2013;13,8;3;;Tapa epävarma - mahdollisesti 1;;;;;;
102;1.1.2014;14,7;3;;Tapa epävarma - mahdollisesti 1;;;;;;
102;1.1.2015;16,1;3;;Tapa epävarma - mahdollisesti 1;;;;;;
102;1.1.2016;20,9;3;;;;;;;;
102;1.1.2018;20,6;3;;;;;;;;
;;;;;;;;;;;
148;1.1.2013;13,8;1;27,5;;;;;;;
148;1.1.2014;14,7;1;29,3;;;;;;;
148;1.1.2015;16,1;1;32,1;;;;;;;
148;1.1.2016;16,4;1;32,7;;;;;;;
148;1.1.2018;18,5;1;37;;;;;;;
;;;;;;;;;;;
320;1.1.2013;;;;Tieto puuttuu - luultavasti enimmäismaksut;;;;;;
320;1.1.2014;;0;29,3;Tapaa ei voida vahvistaa;;;;;;
320;1.2.2015;;0;32,1;Tapaa ei voida vahvistaa;;;;;;
320;1.3.2016;;0;35,3;Tapaa ei voida vahvistaa;;;;;;
320;1.3.2018;;0;37,1;Tapaa ei voida vahvistaa;;;;;;
;;;;;;;;;;;
52;1.1.2013;13,8;3;;Tapa epävarma - alkamispäivää ei voida vahvistaa;;;;;;
52;1.1.2014;14,7;3;;Tapa epävarma - alkamispäivää ei voida vahvistaa;;;;;;
52;1.1.2015;16,1;3;;Tapa epävarma - alkamispäivää ei voida vahvistaa;;;;;;
52;1.1.2016;20,9;3;;;;;;;;
52;1.1.2018;20,6;3;;Alkamispäivää ei voida vahvistaa;;;;;;
;;;;;;;;;;;
233;1.1.2013;13,8;3;;Tapa epävarma - alkamispäivää ei voida vahvistaa;;;;;;
233;1.1.2014;14,7;3;;Tapa epävarma - alkamispäivää ei voida vahvistaa;;;;;;
233;1.1.2015;16,1;3;;Tapa epävarma - alkamispäivää ei voida vahvistaa;;;;;;
233;1.1.2016;20,9;3;;;;;;;;
233;1.1.2018;20,6;3;;Alkamispäivää ei voida vahvistaa;;;;;;
;;;;;;;;;;;
403;1.1.2013;13,8;3;;Tapa epävarma - alkamispäivää ei voida vahvistaa;;;;;;
403;1.1.2014;14,7;3;;Tapa epävarma - alkamispäivää ei voida vahvistaa;;;;;;
403;1.1.2015;16,1;3;;Tapa epävarma - alkamispäivää ei voida vahvistaa;;;;;;
403;1.1.2016;20,9;3;;;;;;;;
403;1.1.2018;20,6;3;;Alkamispäivää ei voida vahvistaa;;;;;;
;;;;;;;;;;;
74;1.1.2013;13,8;3;;;;;;;;
74;1.1.2014;14,7;3;;;;;;;;
74;1.1.2015;16,1;3;;;;;;;;
74;1.1.2016;20,9;3;;;;;;;;
74;1.1.2018;20,6;3;;;;;;;;
;;;;;;;;;;;
217;1.1.2013;13,8;3;;;;;;;;
217;1.1.2014;14,7;3;;;;;;;;
217;1.1.2015;16,1;3;;;;;;;;
217;1.1.2016;20,9;3;;;;;;;;
217;1.1.2018;20,6;3;;;;;;;;
;;;;;;;;;;;
236;1.1.2013;13,8;3;;;;;;;;
236;1.1.2014;14,7;3;;;;;;;;
236;1.1.2015;16,1;3;;;;;;;;
236;1.1.2016;20,9;3;;;;;;;;
236;1.1.2018;20,6;3;;;;;;;;
;;;;;;;;;;;
421;1.1.2013;13,8;3;;;;;;;;
421;1.1.2014;14,7;3;;;;;;;;
421;1.1.2015;16,1;3;;;;;;;;
421;1.1.2016;20,9;3;;;;;;;;
421;1.1.2018;20,6;3;;;;;;;;
;;;;;;;;;;;
584;1.1.2013;13,8;3;;;;;;;;
584;1.1.2014;14,7;3;;;;;;;;
584;1.1.2015;16,1;3;;;;;;;;
584;1.1.2016;20,9;3;;;;;;;;
584;1.1.2018;20,6;3;;;;;;;;
;;;;;;;;;;;
849;1.1.2013;13,8;3;;;;;;;;
849;1.1.2014;14,7;3;;;;;;;;
849;1.1.2015;16,1;3;;;;;;;;
849;1.1.2016;20,9;3;;;;;;;;
849;1.1.2018;20,6;3;;;;;;;;
;;;;;;;;;;;
924;1.1.2013;13,8;3;;;;;;;;
924;1.1.2014;14,7;3;;;;;;;;
924;1.1.2015;16,1;3;;;;;;;;
924;1.1.2016;20,9;3;;;;;;;;
924;1.1.2018;20,6;3;;;;;;;;
;;;;;;;;;;;
51;1.1.2013;13,8;1;27,5;;;;;;;
51;1.1.2014;14,7;3;;;;;;;;
51;1.1.2015;16,1;3;;;;;;;;
51;1.1.2016;20,9;3;;;;;;;;
51;1.1.2018;20,6;3;;;;;;;;
;;;;;;;;;;;
79;1.1.2013;13,8;1;27,5;;;;;;;
79;1.1.2014;14,7;3;;;;;;;;
79;1.1.2015;16,1;3;;;;;;;;
79;1.1.2016;20,9;3;;;;;;;;
79;1.1.2018;20,6;3;;;;;;;;
;;;;;;;;;;;
271;1.1.2013;13,8;1;27,5;;;;;;;
271;1.1.2014;14,7;3;;;;;;;;
271;1.1.2015;16,1;3;;;;;;;;
271;1.1.2016;20,9;3;;;;;;;;
271;1.1.2018;20,6;3;;;;;;;;
;;;;;;;;;;;
531;1.1.2013;13,8;1;27,5;;;;;;;
531;1.1.2014;14,7;3;;;;;;;;
531;1.1.2015;16,1;3;;;;;;;;
531;1.1.2016;20,9;3;;;;;;;;
531;1.1.2018;20,6;3;;;;;;;;
;;;;;;;;;;;
442;1.1.2013;13,8;1;27,5;;;;;;;
442;1.1.2014;14,7;3;;;;;;;;
442;1.1.2015;16,1;3;;;;;;;;
442;1.1.2016;20,9;3;;Lakannut vuodesta 2017;;;;;;
;;;;;;;;;;;
86;1.1.2013;13,8;3;;;;;;;;
86;1.1.2014;14,7;3;;;;;;;;
86;1.1.2015;16,1;3;;;;;;;;
86;1.1.2016;20,9;3;;;;;;;;
86;1.1.2018;20,6;3;;;;;;;;
;;;;;;;;;;;
433;1.1.2013;13,8;3;;;;;;;;
433;1.1.2014;14,7;3;;;;;;;;
433;1.1.2015;16,1;3;;;;;;;;
433;1.1.2016;20,9;3;;;;;;;;
433;1.1.2018;20,6;3;;;;;;;;
;;;;;;;;;;;
694;1.1.2013;13,8;3;;;;;;;;
694;1.1.2014;14,7;3;;;;;;;;
694;1.1.2015;16,1;3;;;;;;;;
694;1.1.2016;20,9;3;;;;;;;;
694;1.1.2018;20,6;3;;;;;;;;
;;;;;;;;;;;
69;1.1.2013;13,8;1;27,5;;;;;;;
69;1.1.2014;14,7;1;29,3;;;;;;;
69;1.1.2015;16,1;1;32,1;;;;;;;
69;1.1.2016;20,9;1;41,7;;;;;;;
69;1.1.2018;20,6;1;41,2;;;;;;;
;;;;;;;;;;;
626;1.1.2013;13,8;1;27,5;;;;;;;
626;1.1.2014;14,7;1;29,3;;;;;;;
626;1.1.2015;16,1;1;32,1;;;;;;;
626;1.1.2016;20,9;1;41,7;;;;;;;
626;1.1.2018;20,6;1;41,2;;;;;;;
;;;;;;;;;;;
691;1.1.2013;13,8;1;27,5;;;;;;;
691;1.1.2014;14,7;1;29,3;;;;;;;
691;1.1.2015;16,1;1;32,1;;;;;;;
691;1.1.2016;20,9;1;41,7;;;;;;;
691;1.1.2018;20,6;1;41,2;;;;;;;
;;;;;;;;;;;
400;1.1.2013;13,8;1;27,5;;;;;;;
400;1.1.2014;14,7;1;29,3;;;;;;;
400;1.1.2015;16,1;1;32,1;Tapaa ei voida vahvistaa;;;;;;
400;1.1.2016;20,9;1;41,7;Tapaa ei voida vahvistaa;;;;;;
400;1.1.2017;20,9;13;41,7;;;;;;;
400;1.1.2018;20,6;13;41,2;;;;;;;
;;;;;;;;;;;
425;1.1.2013;13,8;3;;;;;;;;
425;1.1.2014;14,7;1;;Tapa epävarma - mahdollisesti 1;;;;;;
425;1.1.2015;16,1;1;32,1;Tapa epävarma - mahdollisesti 1;;;;;;
425;1.1.2016;20,9;3;;;;;;;;
425;1.1.2018;20,6;3;;;;;;;;
;;;;;;;;;;;
165;1.1.2013;13;1;27;;;;;;;
165;1.3.2013;13,8;1;27,5;;;;;;;
165;1.1.2014;14,7;1;29,3;;;;;;;
165;1.1.2015;16,1;3;;;;;;;;
165;1.1.2016;16,9;3;;;;;;;;
165;1.1.2017;18,85;3;;;;;;;;
;;;;;;;;;;;
82;1.1.2013;13;1;27;;;;;;;
82;1.3.2013;13,8;1;27,5;;;;;;;
82;1.1.2014;14,7;1;29,3;;;;;;;
82;1.1.2015;16,1;3;;;;;;;;
82;1.1.2016;16,9;3;;;;;;;;
82;1.1.2017;20,9;3;;;;;;;;
82;1.1.2018;20,6;3;;;;;;;;
;;;;;;;;;;;
108;1.1.2013;13,8;3;;;;;;;;
108;1.1.2014;14,7;3;;;;;;;;
108;1.1.2015;16,1;3;;;;;;;;
108;1.1.2016;20,9;3;;;;;;;;
108;1.1.2018;20,6;3;;;;;;;;
;;;;;;;;;;;
208;1.1.2013;13,8;1;27,5;;;;;;;
208;1.1.2014;14,7;1;29,3;Tapa epävarma;;;;;;
208;1.1.2015;16,1;1;32,1;Tapa epävarma;;;;;;
208;1.1.2016;20,9;3;;;;;;;;
208;1.1.2018;20,6;3;;;;;;;;
;;;;;;;;;;;
483;1.1.2013;13,8;1;27,5;;;;;;;
483;1.1.2014;14,7;1;29,3;Tapa epävarma;;;;;;
483;1.1.2015;16,1;1;32,1;Tapa epävarma;;;;;;
483;1.1.2016;20,9;3;;;;;;;;
483;1.1.2018;20,6;3;;;;;;;;
;;;;;;;;;;;
508;1.1.2013;13,8;1;27,5;;;;;;;
508;1.1.2014;14,7;1;29,3;;;;;;;
508;1.1.2015;16,1;1;32,1;;;;;;;
508;1.1.2016;20,9;1;41,7;;;;;;;
508;1.1.2018;20,6;1;41,2;;;;;;;
;;;;;;;;;;;
619;1.1.2013;;;;Tieto puuttuu;;;;;;
619;1.1.2014;14,7;1;29,3;;;;;;;
619;1.1.2015;16,1;3;;;;;;;;
619;1.1.2016;20,9;3;;;;;;;;
619;1.1.2018;20,6;3;;Tapaa ei voida vahvistaa;;;;;;
;;;;;;;;;;;
790;1.1.2013;;;;Tieto puuttuu;;;;;;
790;1.1.2014;14,7;1;29,3;;;;;;;
790;1.1.2015;16,1;3;;;;;;;;
790;1.1.2016;20,9;3;;;;;;;;
790;1.1.2018;20,6;3;;Tapaa ei voida vahvistaa;;;;;;
;;;;;;;;;;;
304;1.1.2013;13,8;1;27,5;Tapaa ei voida vahvistaa;;;;;;
304;1.1.2014;14,7;1;29,3;Tapaa ei voida vahvistaa;;;;;;
304;1.1.2015;16,1;1;32,1;Tapaa ei voida vahvistaa;;;;;;
304;1.1.2016;20,9;3;;;;;;;;
304;1.1.2018;20,6;3;;;;;;;;
;;;;;;;;;;;
631;1.1.2013;13,8;1;27,5;Tapaa ei voida vahvistaa;;;;;;
631;1.1.2014;14,7;1;29,3;Tapaa ei voida vahvistaa;;;;;;
631;1.1.2015;16,1;1;32,1;Tapaa ei voida vahvistaa;;;;;;
631;1.1.2016;20,9;3;;;;;;;;
631;1.1.2018;20,6;3;;;;;;;;
;;;;;;;;;;;
833;1.1.2013;13,8;1;27,5;Tapaa ei voida vahvistaa;;;;;;
833;1.1.2014;14,7;1;29,3;Tapaa ei voida vahvistaa;;;;;;
833;1.1.2015;16,1;1;32,1;Tapaa ei voida vahvistaa;;;;;;
833;1.1.2016;20,9;3;;;;;;;;
833;1.1.2018;20,6;3;;;;;;;;
;;;;;;;;;;;
895;1.1.2013;13,8;1;27,5;Tapaa ei voida vahvistaa;;;;;;
895;1.1.2014;14,7;1;29,3;Tapaa ei voida vahvistaa;;;;;;
895;1.1.2015;16,1;1;32,1;Tapaa ei voida vahvistaa;;;;;;
895;1.1.2016;20,9;3;;;;;;;;
895;1.1.2018;20,6;3;;;;;;;;
;;;;;;;;;;;
918;1.1.2013;13,8;1;27,5;Tapaa ei voida vahvistaa;;;;;;
918;1.1.2014;14,7;1;29,3;Tapaa ei voida vahvistaa;;;;;;
918;1.1.2015;16,1;1;32,1;Tapaa ei voida vahvistaa;;;;;;
918;1.1.2016;20,9;3;;;;;;;;
918;1.1.2018;20,6;3;;;;;;;;
;;;;;;;;;;;
90;1.1.2013;13,8;3;;Tapaa ei voida vahvistaa;;;;;;
90;1.1.2014;14,7;3;;;;;;;;
90;1.1.2015;16,1;3;;;;;;;;
90;1.1.2016;20,9;3;;;;;;;;
90;1.1.2018;20,6;3;;;;;;;;
;;;;;;;;;;;
149;1.1.2013;13,8;3;;;;;;;;
149;1.1.2014;14,7;3;;;;;;;;
149;1.1.2015;16,1;3;;;;;;;;
149;1.3.2016;18,5;3;;;;;;;;
;;;;;;;;;;;
707;1.1.2013;13,8;3;;;;;;;;
707;1.1.2014;14,7;3;;;;;;;;
707;1.1.2015;16,1;3;;;;;;;;
707;1.1.2016;16,4;3;;;;;;;;
707;1.1.2017;20,9;3;;;;;;;;
707;1.1.2018;20,6;3;;;;;;;;
;;;;;;;;;;;
71;1.1.2013;13,8;1;27,5;Alkamispäivää ei voida vahvistaa;;;;;;
71;1.2.2014;14,7;1;29,3;Alkamispäivä epävarma - kokous 21.1.;;;;;;
71;1.1.2015;16,1;1;32,1;;;;;;;
71;1.1.2016;20,9;1;41,7;;;;;;;
71;1.1.2018;20,6;1;41,2;;;;;;;
;;;;;;;;;;;
630;1.1.2013;13,8;1;27,5;Alkamispäivää ei voida vahvistaa;;;;;;
630;1.2.2014;14,7;1;29,3;Alkamispäivä epävarma - kokous 21.1.;;;;;;
630;1.1.2015;16,1;1;32,1;;;;;;;
630;1.1.2016;20,9;1;41,7;;;;;;;
630;1.1.2018;20,6;1;41,2;;;;;;;
;;;;;;;;;;;
791;1.1.2013;13,8;1;27,5;Alkamispäivää ei voida vahvistaa;;;;;;
791;1.2.2014;14,7;1;29,3;Alkamispäivä epävarma - kokous 21.1.;;;;;;
791;1.1.2015;16,1;1;32,1;;;;;;;
791;1.1.2016;20,9;1;41,7;;;;;;;
791;1.1.2018;20,6;1;41,2;;;;;;;
;;;;;;;;;;;
625;1.1.2013;13,8;3;;;;;;;;
625;1.1.2014;14,7;3;;;;;;;;
625;1.1.2015;16,1;3;;;;;;;;
625;1.1.2016;20,9;3;;;;;;;;
625;1.1.2018;20,6;3;;;;;;;;
;;;;;;;;;;;
678;1.1.2013;13,8;3;;;;;;;;
678;1.1.2014;14,7;3;;;;;;;;
678;1.1.2015;16,1;3;;;;;;;;
678;1.1.2016;20,9;3;;;;;;;;
678;1.1.2018;20,6;3;;;;;;;;
;;;;;;;;;;;
748;1.1.2013;13,8;3;;;;;;;;
748;1.1.2014;14,7;3;;;;;;;;
748;1.1.2015;16,1;3;;;;;;;;
748;1.1.2016;20,9;3;;;;;;;;
748;1.1.2018;20,6;3;;;;;;;;
;;;;;;;;;;;
583;1.1.2013;;0;27,5;Tapa epävarma - mahdollisesti 1;;;;;;
583;1.1.2014;;0;29,3;Tapa epävarma - mahdollisesti 1;;;;;;
583;1.1.2015;;0;32,1;Tapa epävarma - mahdollisesti 1;;;;;;
583;1.1.2016;;0;41,7;Tapa epävarma - mahdollisesti 1;;;;;;
583;1.1.2018;;0;41,2;Tapa epävarma - mahdollisesti 1;;;;;;
;;;;;;;;;;;
742;1.1.2013;;0;27,5;Tapa epävarma - mahdollisesti 1;;;;;;
742;1.1.2014;;0;29,3;Tapa epävarma - mahdollisesti 1;;;;;;
742;1.1.2015;;0;32,1;Tapa epävarma - mahdollisesti 1;;;;;;
742;1.1.2016;;0;41,7;Tapa epävarma - mahdollisesti 1;;;;;;
742;1.1.2018;;0;41,2;Tapa epävarma - mahdollisesti 1;;;;;;
;;;;;;;;;;;
494;1.1.2013;13,8;1;27,5;;;;;;;
494;1.1.2014;14,7;1;29,3;;;;;;;
494;1.1.2015;16,1;1;32,1;Epävarma;;;;;;
494;1.1.2016;20,9;1;41,7;;;;;;;
494;1.1.2018;20,6;1;41,2;;;;;;;
;;;;;;;;;;;
260;1.1.2013;13,8;3;;;;;;;;
260;1.1.2014;14,7;3;;;;;;;;
260;1.1.2015;16,1;3;;;;;;;;
260;1.1.2016;20,9;3;;;;;;;;
260;1.1.2018;20,6;3;;;;;;;;
;;;;;;;;;;;
322;1.1.2013;13,8;1;27,5;;;;;;;
322;1.1.2014;;1;;Määrät puuttuvat - luultavasti enimmäismaksut;;;;;;
322;1.1.2015;16,1;1;32,1;;;;;;;
322;1.1.2016;20,9;1;41,7;;;;;;;
322;1.1.2018;20,6;1;41,2;;;;;;;
;;;;;;;;;;;
489;1.1.2013;13,8;1;27,5;;;;;;;
489;1.1.2014;14,7;1;29,3;;;;;;;
489;1.1.2015;16,1;1;32,1;;;;;;;
489;1.1.2016;20,9;1;41,7;;;;;;;
489;1.1.2018;20,6;1;41,2;;;;;;;
;;;;;;;;;;;
935;1.1.2013;13,8;1;27,5;;;;;;;
935;1.1.2014;14,7;1;29,3;;;;;;;
935;1.1.2015;16,1;1;32,1;;;;;;;
935;1.1.2016;20,9;1;41,7;;;;;;;
935;1.1.2018;20,6;1;41,2;;;;;;;
;;;;;;;;;;;
256;1.1.2013;13,8;3;;;;;;;;
256;1.1.2014;14,7;3;;;;;;;;
256;1.1.2015;16,1;3;;;;;;;;
256;1.1.2016;18;3;;;;;;;;
256;1.1.2017;20,9;3;;;;;;;;
256;1.1.2018;20,6;3;;;;;;;;
;;;;;;;;;;;
601;1.1.2013;13,8;3;;;;;;;;
601;1.1.2014;14,7;3;;;;;;;;
601;1.1.2015;16,1;3;;;;;;;;
601;1.1.2016;18;3;;;;;;;;
601;1.1.2017;20,9;3;;;;;;;;
601;1.1.2018;20,6;3;;;;;;;;
;;;;;;;;;;;
931;1.1.2013;13,8;3;;;;;;;;
931;1.1.2014;14,7;3;;;;;;;;
931;1.1.2015;16,1;3;;;;;;;;
931;1.1.2016;18;3;;;;;;;;
931;1.1.2017;20,9;3;;;;;;;;
931;1.1.2018;20,6;3;;;;;;;;
;;;;;;;;;;;
992;1.1.2013;13,8;3;;Tapaa ei voida vahvistaa;;;;;;
992;1.1.2014;14,7;3;;Tapaa ei voida vahvistaa;;;;;;
992;1.1.2015;16,1;3;;Tapaa ei voida vahvistaa;;;;;;
992;1.1.2016;16,4;3;;;;;;;;
992;1.9.2016;16,4;1;41,7;;;;;;;
992;1.1.2017;20,9;1;41,7;;;;;;;
992;1.1.2018;20,6;1;41,2;;;;;;;
;;;;;;;;;;;
976;1.1.2013;13,8;3;;;;;;;;
976;1.1.2014;14,7;3;;;;;;;;
976;1.1.2015;16,1;3;;;;;;;;
976;1.1.2016;17,7;3;;;;;;;;
976;1.1.2017;18,6;3;;;;;;;;
976;1.1.2018;20,6;3;;;;;;;;
;;;;;;;;;;;
317;1.1.2013;13,8;1;27,5;;;;;;;
317;1.1.2014;14,7;1;29,3;;;;;;;
317;1.1.2015;16,1;13;32,1;;;;;;;
317;1.1.2016;20,9;13;41,7;;;;;;;
317;1.1.2018;20,6;1;41,2;;;;;;;
;;;;;;;;;;;
99;1.1.2013;13,8;1;27,5;Tapaa ei voida vahvistaa;;;;;;
99;1.1.2014;14,7;1;29,3;Tapaa ei voida vahvistaa;;;;;;
99;1.1.2015;16,1;1;32,1;;;;;;;
99;1.1.2016;20,9;1;41,7;Tapaa ei voida vahvistaa;;;;;;
99;1.1.2017;20,9;13;41,7;Tapa epävarma;;;;;;
99;1.1.2018;20,6;13;41,2;Tiedot tavasta vuosina 17-18 epävarmoja - katso pöytäkirja;;;;;;
99;1.2.2018;20,6;1;41,2;Alkamispäivä epävarma - kokous 30.1.;;;;;;
;;;;;;;;;;;
181;1.1.2013;13,8;1;27,5;Tapaa ei voida vahvistaa;;;;;;
181;1.1.2014;14,7;1;29,3;Tapaa ei voida vahvistaa;;;;;;
181;1.1.2015;16,1;1;32,1;;;;;;;
181;1.1.2016;20,9;1;41,7;Tapaa ei voida vahvistaa;;;;;;
181;1.1.2017;20,9;13;41,7;Tapa epävarma;;;;;;
181;1.1.2018;20,6;13;41,2;Tiedot tavasta vuosina 17-18 epävarmoja - katso pöytäkirja;;;;;;
181;1.2.2018;20,6;1;41,2;Alkamispäivä epävarma - kokous 30.1.;;;;;;
;;;;;;;;;;;
214;1.1.2013;13,8;1;27,5;Tapaa ei voida vahvistaa;;;;;;
214;1.1.2014;14,7;1;29,3;Tapaa ei voida vahvistaa;;;;;;
214;1.1.2015;16,1;1;32,1;;;;;;;
214;1.1.2016;20,9;1;41,7;Tapaa ei voida vahvistaa;;;;;;
214;1.1.2017;20,9;13;41,7;Tapa epävarma;;;;;;
214;1.1.2018;20,6;13;41,2;Tiedot tavasta vuosina 17-18 epävarmoja - katso pöytäkirja;;;;;;
214;1.2.2018;20,6;1;41,2;Alkamispäivä epävarma - kokous 30.1.;;;;;;
;;;;;;;;;;;
230;1.1.2013;13,8;1;27,5;Tapaa ei voida vahvistaa;;;;;;
230;1.1.2014;14,7;1;29,3;Tapaa ei voida vahvistaa;;;;;;
230;1.1.2015;16,1;1;32,1;;;;;;;
230;1.1.2016;20,9;1;41,7;Tapaa ei voida vahvistaa;;;;;;
230;1.1.2017;20,9;13;41,7;Tapa epävarma;;;;;;
230;1.1.2018;20,6;13;41,2;Tiedot tavasta vuosina 17-18 epävarmoja - katso pöytäkirja;;;;;;
230;1.2.2018;20,6;1;41,2;Alkamispäivä epävarma - kokous 30.1.;;;;;;
;;;;;;;;;;;
608;1.1.2013;13,8;1;27,5;Tapaa ei voida vahvistaa;;;;;;
608;1.1.2014;14,7;1;29,3;Tapaa ei voida vahvistaa;;;;;;
608;1.1.2015;16,1;1;32,1;;;;;;;
608;1.1.2016;20,9;1;41,7;Tapaa ei voida vahvistaa;;;;;;
608;1.1.2017;20,9;13;41,7;Tapa epävarma;;;;;;
608;1.1.2018;20,6;13;41,2;Tiedot tavasta vuosina 17-18 epävarmoja - katso pöytäkirja;;;;;;
608;1.2.2018;20,6;1;41,2;Alkamispäivä epävarma - kokous 30.1.;;;;;;
;;;;;;;;;;;
747;1.1.2013;13,8;1;27,5;Tapaa ei voida vahvistaa;;;;;;
747;1.1.2014;14,7;1;29,3;Tapaa ei voida vahvistaa;;;;;;
747;1.1.2015;16,1;1;32,1;;;;;;;
747;1.1.2016;20,9;1;41,7;Tapaa ei voida vahvistaa;;;;;;
747;1.1.2017;20,9;13;41,7;Tapa epävarma;;;;;;
747;1.1.2018;20,6;13;41,2;Tiedot tavasta vuosina 17-18 epävarmoja - katso pöytäkirja;;;;;;
747;1.2.2018;20,6;1;41,2;Alkamispäivä epävarma - kokous 30.1.;;;;;;
;;;;;;;;;;;
18;1.1.2013;13,8;1;27,5;Tapaa ei voida vahvistaa;;;;;;
18;1.1.2014;;;;Tieto puuttuu - mahdollisesti tehty indeksitarkistus;;;;;;
18;1.1.2015;16,1;1;32,1;Tapaa ei voida vahvistaa;;;;;;
18;1.1.2016;16,4;1;32,7;Alkamispäivä epävarma - kokous 19.1.  - tapa vuoden 16 tarkastelusta - määrä epävarma;;;;;;
18;1.1.2017;20,9;;41,7;Tapa puuttuu - alkamispäivä epävarma - kokous joko 12.12. tai 15.2.;;;;;;
18;1.1.2018;20,6;3;;Alkamispäivä epävarma - kokous 9.1. ;;;;;;
;;;;;;;;;;;
143;1.1.2013;13,8;3;;Tapa epävarma;;;;;;
143;1.1.2014;14,7;3;;Tapa epävarma;;;;;;
143;1.1.2015;16,1;3;;Tapa epävarma;;;;;;
143;1.1.2016;20,9;3;;;;;;;;
143;1.1.2018;20,6;3;;;;;;;;
;;;;;;;;;;;
241;1.1.2013;;;;Tieto puuttuu - luultavasti enimmäismaksu ja tapa 3;;;;;;
241;1.1.2014;14,7;3;;;;;;;;
241;1.1.2015;16,1;3;;;;;;;;
241;1.1.2016;20,9;3;;;;;;;;
241;1.1.2018;20,6;3;;;;;;;;
;;;;;;;;;;;
402;1.1.2013;13,8;1;27,5;;;;;;;
402;1.1.2014;14,7;1;29,3;;;;;;;
402;1.1.2015;16,1;3;;;;;;;;
402;1.1.2016;18,9;3;;;;;;;;
402;1.1.2017;20,9;3;;;;;;;;
402;1.1.2018;20,6;3;;;;;;;;
;;;;;;;;;;;
620;1.1.2013;;;;Tieto puuttuu - joko Kainuun maakunnan tai Puolangan päätös;;;;;;
620;10.2.2014;14,7;3;;;;;;;;
620;1.1.2015;16,1;3;;;;;;;;
620;1.1.2016;20,9;3;;;;;;;;
620;1.1.2018;20,6;3;;;;;;;;
;;;;;;;;;;;
624;1.1.2013;13,8;3;;;;;;;;
624;1.1.2014;14,7;3;;Tapaa ei voida vahvistaa;;;;;;
624;1.1.2015;16,1;3;;Tapaa ei voida vahvistaa;;;;;;
624;1.2.2016;20,9;3;;;;;;;;
624;1.1.2018;20,6;3;;;;;;;;
;;;;;;;;;;;
758;1.1.2013;13,8;1;27,5;;;;;;;
758;1.1.2014;14,7;1;29,3;;;;;;;
758;1.1.2015;16,1;1;32,1;;;;;;;
758;1.1.2016;20,9;1;41,7;;;;;;;
758;1.1.2018;20,6;1;41,2;;;;;;;
;;;;;;;;;;;
563;1.1.2013;13,8;3;;;;;;;;
563;1.1.2014;14,7;3;;;;;;;;
563;1.1.2015;16,1;3;;;;;;;;
563;1.1.2016;20,9;3;;;;;;;;
563;1.1.2018;20,6;3;;;;;;;;
;;;;;;;;;;;
854;1.1.2013;13,7;3;;;;;;;;
854;1.2.2013;13,8;3;;;;;;;;
854;1.2.2014;14,7;3;;;;;;;;
854;1.2.2015;16,1;3;;;;;;;;
854;1.2.2016;16,4;3;;;;;;;;
854;1.1.2018;20,6;3;;;;;;;;
;;;;;;;;;;;
755;1.1.2013;13,8;3;;;;;;;;
755;1.1.2014;14,7;3;;Alkamispäivä epävarma;;;;;;
755;1.1.2015;16,1;3;;;;;;;;
755;1.1.2016;20,9;3;;;;;;;;
755;1.1.2018;20,6;3;;;;;;;;
;;;;;;;;;;;
851;1.1.2013;;;;Tieto puuttuu - luultavasti enimmäismaksu;;;;;;
851;1.1.2014;14,7;;29,3;Tapaa ei tiedetä - enimmäismaksut;;;;;;
851;1.1.2015;;;;Tieto puuttuu;;;;;;
851;1.1.2016;20,9;3;;;;;;;;
851;1.1.2018;20,6;3;;Tapaa ei voida vahvistaa;;;;;;
;;;;;;;;;;;
859;1.1.2013;13,8;3;;Tapaa ei voida vahvistaa;;;;;;
859;1.1.2014;14,7;3;;Tapaa ei voida vahvistaa;;;;;;
859;1.1.2015;16,1;3;;;;;;;;
859;1.1.2016;20,9;3;;;;;;;;
859;1.1.2018;20,6;3;;;;;;;;
;;;;;;;;;;;
832;1.1.2013;13,8;1;27,5;;;;;;;
832;1.1.2014;14,7;1;29,3;;;;;;;
832;1.1.2015;16,1;1;32,1;;;;;;;
;;;;;;;;;;;
109;1.1.2013;13,8;3;;Tapaa ei voida vahvistaa;;;;;;
109;1.1.2014;14,7;3;;;;;;;;
109;1.1.2015;16,1;3;;;;;;;;
109;1.1.2016;16,4;3;;;;;;;;
109;1.1.2017;18,85;3;;;;;;;;
;;;;;;;;;;;
146;1.1.2013;;;;Tieto puuttuu - luultavasti enimmäismaksu mutta tapa epävarma;;;;;;
146;1.1.2014;;;;Tieto puuttuu - luultavasti enimmäismaksu mutta tapa epävarma;;;;;;
146;1.1.2015;16,1;13;32,1;;;;;;;
146;1.1.2016;20,9;13;41,7;;;;;;;
146;1.1.2017;20,9;3;;;;;;;;
146;1.1.2018;20,6;3;;;;;;;;
;;;;;;;;;;;
607;1.1.2013;13,8;3;;;;;;;;
607;1.1.2014;14,7;3;;Alkamispäivä epävarma - kokous 14.1.;;;;;;
607;1.1.2015;16,1;3;;Alkamispäivä epävarma - kokous 8.1.;;;;;;
607;1.1.2016;20,9;3;;;;;;;;
607;1.1.2018;20,6;3;;;;;;;;
;;;;;;;;;;;
413;1.1.2013;;;;Tieto puuttuu ja lakkautettu - luultavasti enimmäismaksu;;;;;;
413;1.1.2014;14,7;3;;Lakannut vuoden 2015 alusta;;;;;;
;;;;;;;;;;;
178;1.1.2013;13,8;1;27,5;;;;;;;
178;1.1.2014;14,7;1;29,3;;;;;;;
178;1.3.2015;16,1;1;32,1;;;;;;;
178;1.1.2016;20,9;3;;;;;;;;
178;1.1.2018;20,6;3;;;;;;;;
;;;;;;;;;;;
285;1.1.2013;13,8;1;27,5;Tapa epävarma - mahdollisesti 3;;;;;;
285;1.1.2014;14,7;1;29,3;Tapa epävarma - mahdollisesti 3;;;;;;
285;1.1.2015;16,1;1;32,1;Tapa epävarma - mahdollisesti 3;;;;;;
285;1.1.2016;18,5;1;36,9;Tapa epävarma - mahdollisesti 3 - muuttui mahdollisesti vuonna 2016 tai vuodeksi 2017;;;;;;
285;1.1.2018;20,6;3;;;;;;;;
;;;;;;;;;;;
408;1.1.2013;;;;Määrät epävarmoja - luultavasti enimmäismaksut;;;;;;
408;1.1.2014;14,7;3;;;;;;;;
408;1.1.2015;16,1;3;;;;;;;;
408;1.1.2016;20,9;3;;;;;;;;
408;1.1.2018;20,6;3;;;;;;;;
;;;;;;;;;;;
683;1.1.2013;13,8;1;27,5;Tapaa ei voida vahvistaa;;;;;;
683;1.1.2014;14,7;1;29,3;Tapaa ei voida vahvistaa;;;;;;
683;1.1.2015;16,1;1;32,1;Tapaa ei voida vahvistaa;;;;;;
683;1.1.2016;16,4;1;32,7;;;;;;;
;;;;;;;;;;;
845;1.1.2013;;;;Tieto puuttuu - luultavasti enimmäismaksu;;;;;;
845;1.1.2014;14,7;;29,3;Tapa epävarma - mahdollisesti 3;;;;;;
845;1.1.2015;;;;Tieto puuttuu - luultavasti enimmäismaksu;;;;;;
845;1.1.2016;20,9;3;;;;;;;;
845;1.1.2018;20,6;3;;;;;;;;
;;;;;;;;;;;
174;1.1.2013;13,8;3;;Alkamispäivää ei voida vahvistaa;;;;;;
174;1.1.2014;14,7;3;;;;;;;;
174;1.1.2015;16,1;3;;;;;;;;
174;1.1.2016;20,9;3;;Lakannut vuoden 2017 alusta;;;;;;
;;;;;;;;;;;
204;1.1.2013;13,8;3;;Alkamispäivää ei voida vahvistaa;;;;;;
204;1.1.2014;14,7;3;;;;;;;;
204;1.1.2015;16,1;3;;;;;;;;
204;1.1.2016;20,9;3;;;;;;;;
204;1.1.2018;20,6;3;;;;;;;;
;;;;;;;;;;;
239;1.1.2013;13,8;3;;Alkamispäivää ei voida vahvistaa;;;;;;
239;1.1.2014;14,7;3;;;;;;;;
239;1.1.2015;16,1;3;;;;;;;;
239;1.1.2016;20,9;3;;;;;;;;
239;1.1.2018;20,6;3;;;;;;;;
;;;;;;;;;;;
420;1.1.2013;13,8;3;;Alkamispäivää ei voida vahvistaa;;;;;;
420;1.1.2014;14,7;3;;;;;;;;
420;1.1.2015;16,1;3;;;;;;;;
420;1.1.2016;20,9;3;;;;;;;;
420;1.1.2018;20,6;3;;;;;;;;
;;;;;;;;;;;
595;1.1.2013;13,8;3;;Alkamispäivää ei voida vahvistaa;;;;;;
595;1.1.2014;14,7;3;;;;;;;;
595;1.1.2015;16,1;3;;;;;;;;
595;1.1.2016;20,9;3;;;;;;;;
595;1.1.2018;20,6;3;;;;;;;;
;;;;;;;;;;;
687;1.1.2013;13,8;3;;Alkamispäivää ei voida vahvistaa;;;;;;
687;1.1.2014;14,7;3;;;;;;;;
687;1.1.2015;16,1;3;;;;;;;;
687;1.1.2016;20,9;3;;;;;;;;
687;1.1.2018;20,6;3;;;;;;;;
;;;;;;;;;;;
844;1.1.2013;13,8;3;;Alkamispäivää ei voida vahvistaa;;;;;;
844;1.1.2014;14,7;3;;;;;;;;
844;1.1.2015;16,1;3;;;;;;;;
844;1.1.2016;20,9;3;;;;;;;;
844;1.1.2018;20,6;3;;;;;;;;
;;;;;;;;;;;
921;1.1.2013;13,8;3;;Alkamispäivää ei voida vahvistaa;;;;;;
921;1.1.2014;14,7;3;;;;;;;;
921;1.1.2015;16,1;3;;;;;;;;
921;1.1.2016;20,9;3;;;;;;;;
921;1.1.2018;20,6;3;;;;;;;;
;;;;;;;;;;;
211;1.1.2013;13,8;1;27,5;;;;;;;
211;1.1.2014;14,7;1;29,3;;;;;;;
211;1.1.2015;16,1;1;32,1;;;;;;;
211;1.1.2016;20,9;1;41,7;;;;;;;
211;1.1.2018;20,6;1;41,2;;;;;;;
;;;;;;;;;;;
635;1.1.2013;13,8;1;27,5;;;;;;;
635;1.1.2014;14,7;1;29,3;;;;;;;
635;1.1.2015;16,1;1;32,1;;;;;;;
635;1.1.2016;20,9;1;41,7;;;;;;;
635;1.1.2018;20,6;1;41,2;;;;;;;
;;;;;;;;;;;
177;1.1.2013;13,8;1;27,5;;;;;;;
177;1.1.2014;14,7;1;29,3;;;;;;;
177;1.1.2015;16,1;1;32,1;;;;;;;
177;1.1.2016;20,9;1;41,7;;;;;;;
177;1.1.2018;20,6;1;41,2;;;;;;;
;;;;;;;;;;;
111;1.1.2013;13,8;1;27,5;;;;;;;
111;1.2.2014;14,7;1;29,3;;;;;;;
111;1.1.2015;16,1;1;32,1;;;;;;;
111;1.2.2016;;0;36,9;;;;;;;
111;1.3.2018;20,6;1;41,2;;;;;;;
;;;;;;;;;;;
684;1.1.2013;;;;Tieto puuttuu - luultavasti enimmäismaksu;;;;;;
684;1.1.2014;14,7;1;29,3;Tapaa ei voida vahvistaa;;;;;;
684;1.1.2015;16,1;1;32,1;Tapaa ei voida vahvistaa;;;;;;
684;1.1.2016;16,4;1;32,7;;;;;;;
684;1.1.2017;19,7;1;41,7;;;;;;;
684;1.1.2018;19,7;1;41,2;;;;;;;
;;;;;;;;;;;
848;1.1.2013;13,8;3;;;;;;;;
848;1.1.2014;14,7;3;;;;;;;;
848;1.1.2015;16,1;3;;;;;;;;
848;1.1.2016;20,9;3;;;;;;;;
848;1.1.2018;20,6;3;;;;;;;;
;;;;;;;;;;;
440;1.1.2013;13,8;3;;;;;;;;
440;1.1.2014;14,7;3;;;;;;;;
440;1.1.2015;;;;Tieto puuttuu;;;;;;
440;1.1.2016;20,9;3;;;;;;;;
440;1.1.2018;20,6;3;;;;;;;;
;;;;;;;;;;;
598;1.1.2013;13,8;3;;;;;;;;
598;1.1.2014;14,7;3;;;;;;;;
598;1.1.2015;;;;Tieto puuttuu;;;;;;
598;1.1.2016;20,9;3;;;;;;;;
598;1.1.2018;20,6;3;;;;;;;;
;;;;;;;;;;;
599;1.1.2013;13,8;3;;;;;;;;
599;1.1.2014;14,7;3;;;;;;;;
599;1.1.2015;;;;Tieto puuttuu;;;;;;
599;1.1.2016;20,9;3;;;;;;;;
599;1.1.2018;20,6;3;;;;;;;;
;;;;;;;;;;;
893;1.1.2013;13,8;3;;;;;;;;
893;1.1.2014;14,7;3;;;;;;;;
893;1.1.2015;;;;Tieto puuttuu;;;;;;
893;1.1.2016;20,9;3;;;;;;;;
893;1.1.2018;20,6;3;;;;;;;;
;;;;;;;;;;;
5;1.1.2013;13,8;3;;;;;;;;
5;1.1.2014;14,7;3;;;;;;;;
5;1.1.2015;16,1;3;;;;;;;;
5;1.1.2016;20,9;3;;Alkamispäivä epävarma;;;;;;
5;1.1.2018;20,6;3;;Tapaa ei voida vahvistaa;;;;;;
;;;;;;;;;;;
934;1.1.2013;13,8;3;;;;;;;;
934;1.1.2014;14,7;3;;;;;;;;
934;1.1.2015;16,1;3;;;;;;;;
934;1.1.2016;20,9;3;;Alkamispäivä epävarma;;;;;;
934;1.1.2018;20,6;3;;Tapaa ei voida vahvistaa;;;;;;
;;;;;;;;;;;
759;1.1.2013;13,8;3;;;;;;;;
759;1.1.2014;14,7;3;;;;;;;;
759;1.1.2015;16,1;3;;;;;;;;
759;1.1.2016;20,9;3;;Alkamispäivä epävarma;;;;;;
759;1.1.2017;20,9;113;41,7;Vuosimaksu kattaa myös hoitajakäynnit;;;;;;
759;1.1.2018;20,6;113;41,2;Vuosimaksu kattaa myös hoitajakäynnit;;;;;;
;;;;;;;;;;;
562;1.1.2013;13,8;1;27,5;;;;;;;
562;1.1.2014;14,7;3;;Alkamispäivä epävarma;;;;;;
562;1.1.2015;16,1;3;;;;;;;;
562;1.1.2016;17,7;3;;;;;;;;
562;1.6.2018;20,6;3;;;;;;;;
;;;;;;;;;;;
837;1.1.2013;13,8;3;;;;;;;;
837;1.1.2014;14,7;3;;Alkamispäivä epävarma;;;;;;
837;1.1.2015;16,1;3;;;;;;;;
837;1.1.2016;17,7;3;;;;;;;;
837;1.6.2018;20,6;3;;;;;;;;
;;;;;;;;;;;
167;1.1.2013;13,8;3;;;;;;;;
167;1.1.2014;14,7;3;;;;;;;;
167;1.1.2015;16,1;3;;;;;;;;
167;1.1.2016;20,9;3;;;;;;;;
167;1.1.2018;20,6;3;;;;;;;;
;;;;;;;;;;;
276;1.1.2013;13,8;3;;;;;;;;
276;1.1.2014;14,7;3;;;;;;;;
276;1.1.2015;16,1;3;;;;;;;;
276;1.1.2016;20,9;3;;;;;;;;
276;1.1.2018;20,6;3;;;;;;;;
;;;;;;;;;;;
309;1.1.2013;13,8;3;;;;;;;;
309;1.1.2014;14,7;3;;;;;;;;
309;1.1.2015;16,1;3;;;;;;;;
309;1.1.2016;20,9;3;;;;;;;;
309;1.1.2018;20,6;3;;;;;;;;
;;;;;;;;;;;
78;1.1.2013;13,8;1;27,5;Tapaa ei voida vahvistaa;;;;;;
78;1.1.2014;14,7;1;29,3;Tapaa ei voida vahvistaa;;;;;;
78;1.1.2015;16,1;1;32,1;Tapaa ei voida vahvistaa;;;;;;
78;1.1.2016;16,4;1;32,7;;;;;;;
78;1.3.2016;20,9;1;41,7;;;;;;;
78;1.1.2018;20,6;1;41,2;;;;;;;
;;;;;;;;;;;
81;1.1.2013;13,8;3;;Alkamisaikaa ei voida vahvistaa;;;;;;
81;1.1.2014;14,7;3;;Alkamisaika epävarma;;;;;;
81;1.1.2015;16,1;1;32,1;;;;;;;
81;1.1.2016;20,9;1;41,7;;;;;;;
81;1.1.2018;20,6;1;41,2;;;;;;;
;;;;;;;;;;;
142;1.1.2013;13,8;3;;Alkamisaikaa ei voida vahvistaa;;;;;;
142;1.1.2014;14,7;3;;Alkamisaika epävarma;;;;;;
142;1.1.2015;16,1;1;32,1;;;;;;;
142;1.1.2016;20,9;1;41,7;;;;;;;
142;1.1.2018;20,6;1;41,2;;;;;;;
;;;;;;;;;;;
504;1.1.2013;13,8;3;;Alkamisaikaa ei voida vahvistaa;;;;;;
504;1.1.2014;14,7;3;;Alkamisaika epävarma;;;;;;
504;1.1.2015;16,1;1;32,1;;;;;;;
504;1.1.2016;20,9;1;41,7;;;;;;;
504;1.1.2018;20,6;1;41,2;;;;;;;
;;;;;;;;;;;
532;1.1.2013;13,8;3;;Alkamisaikaa ei voida vahvistaa;;;;;;
532;1.1.2014;14,7;3;;Alkamisaika epävarma;;;;;;
532;1.1.2015;16,1;1;32,1;Lakannut vuoden 16 alusta;;;;;;
;;;;;;;;;;;
560;1.1.2013;13,8;3;;Alkamisaikaa ei voida vahvistaa;;;;;;
560;1.1.2014;14,7;3;;Alkamisaika epävarma;;;;;;
560;1.1.2015;16,1;1;32,1;;;;;;;
560;1.1.2016;20,9;1;41,7;;;;;;;
560;1.1.2018;20,6;1;41,2;;;;;;;
;;;;;;;;;;;
616;1.1.2013;13,8;3;;Alkamisaikaa ei voida vahvistaa;;;;;;
616;1.1.2014;14,7;3;;Alkamisaika epävarma;;;;;;
616;1.1.2015;16,1;1;32,1;;;;;;;
616;1.1.2016;20,9;1;41,7;;;;;;;
616;1.1.2018;20,6;1;41,2;;;;;;;
;;;;;;;;;;;
681;1.1.2013;13,8;1;27,5;;;;;;;
681;1.1.2014;14,7;1;29,3;;;;;;;
681;1.1.2015;16,1;3;;;;;;;;
681;1.1.2016;20,9;3;;;;;;;;
681;1.1.2018;20,6;3;;;;;;;;
;;;;;;;;;;;
529;1.1.2013;13,8;1;27,5;;;;;;;
529;1.1.2014;14,7;1;29,3;;;;;;;
529;1.1.2015;16,1;1;32,1;;;;;;;
529;1.1.2016;17,7;1;35,3;;;;;;;
529;1.1.2017;20,9;1;41,7;;;;;;;
529;1.1.2018;20,6;1;41,2;;;;;;;
;;;;;;;;;;;
505;1.1.2013;13,7;13;27,4;;;;;;;
505;1.4.2013;13,8;13;27,4;;;;;;;
505;1.2.2014;14,7;13;29,3;;;;;;;
505;1.1.2015;16,1;13;32,1;Alkamispäivä epävarma - tapaa ei voida vahvistaa;;;;;;
505;1.1.2016;20,9;13;41,7;Tapa epävarma;;;;;;
505;1.1.2018;20,6;3;;;;;;;;
;;;;;;;;;;;
611;1.1.2013;13,7;13;27,4;;;;;;;
611;1.4.2013;13,8;13;27,4;;;;;;;
611;1.2.2014;14,7;13;29,3;;;;;;;
611;1.1.2015;16,1;13;32,1;Alkamispäivä epävarma - tapaa ei voida vahvistaa;;;;;;
611;1.1.2016;20,9;13;41,7;Tapa epävarma;;;;;;
611;1.1.2018;20,6;3;;;;;;;;
;;;;;;;;;;;
235;1.1.2013;13,8;3;;;;;;;;
235;1.4.2014;14,7;3;;;;;;;;
235;1.3.2015;16,1;3;;;;;;;;
235;1.1.2016;20,9;3;;;;;;;;
235;1.1.2018;20,6;3;;;;;;;;
;;;;;;;;;;;
250;1.1.2013;;;;Tieto puuttuu;;;;;;
250;1.1.2014;14,7;;29,3;Tapaa ei tiedetä;;;;;;
250;1.1.2015;16,1;;32,1;Tapaa ei tiedetä;;;;;;
250;1.1.2016;20,9;1;41,7;;;;;;;
250;1.1.2018;20,6;1;41,2;Tapaa ei voida vahvistaa;;;;;;
;;;;;;;;;;;
305;1.1.2013;13,8;1;27,5;;;;;;;
305;1.1.2014;14,7;1;29,3;;;;;;;
305;1.1.2015;16,1;1;32,1;;;;;;;
305;1.1.2016;20,9;1;41,7;;;;;;;
305;1.1.2018;20,6;1;41,2;;;;;;;
;;;;;;;;;;;
908;1.1.2013;13,8;1;27,5;;;;;;;
908;1.1.2014;14,7;1;29,3;;;;;;;
908;1.1.2015;16,1;3;;Ei vuonna 1927 tai sitä aiemmin syntyneiltä;;;;;;
908;1.1.2016;16,4;3;;Ei vuonna 1927 tai sitä aiemmin syntyneiltä;;;;;;
908;1.1.2017;18,5;3;;Ei vuonna 1927 tai sitä aiemmin syntyneiltä;;;;;;
908;1.1.2018;20,6;3;;Ei vuonna 1927 tai sitä aiemmin syntyneiltä;;;;;;
;;;;;;;;;;;
761;1.1.2013;13,8;1;27,5;;;;;;;
761;1.1.2014;14,7;1;29,3;Tapaa ei voida vahvistaa;;;;;;
761;1.1.2015;16,1;1;32,1;Tapaa ei voida vahvistaa;;;;;;
761;1.1.2016;20,9;1;41,7;;;;;;;
761;1.1.2017;18,4;1;36,7;;;;;;;
;;;;;;;;;;;
436;1.1.2013;13,8;1;27,5;;;;;;;
436;1.1.2014;14,7;1;29,3;;;;;;;
436;1.1.2015;16,1;1;32,1;;;;;;;
436;1.2.2016;20,9;1;41,7;Tapa epävarma - mahdollisesti 3;;;;;;
436;1.1.2017;20,9;3;;;;;;;;
436;1.1.2018;20,6;3;;;;;;;;
;;;;;;;;;;;
686;1.1.2013;13,8;3;;Epävarma - saatu puhelimitse;;;;;;
686;1.1.2014;14,7;3;;Epävarma - saatu puhelimitse;;;;;;
686;1.1.2015;16,1;3;;Epävarma - saatu puhelimitse;;;;;;
686;1.1.2016;20,9;3;;Epävarma - saatu puhelimitse;;;;;;
686;1.1.2018;20,6;3;;Epävarma - saatu puhelimitse;;;;;;
;;;;;;;;;;;
778;1.1.2013;13,8;3;;Epävarma - saatu puhelimitse;;;;;;
778;1.1.2014;14,7;3;;Epävarma - saatu puhelimitse;;;;;;
778;1.1.2015;16,1;3;;Epävarma - saatu puhelimitse;;;;;;
778;1.1.2016;20,9;3;;Epävarma - saatu puhelimitse;;;;;;
778;1.1.2018;20,6;3;;Epävarma - saatu puhelimitse;;;;;;
;;;;;;;;;;;
10;1.1.2013;13,8;1;27,5;;;;;;;
10;1.1.2014;14,7;1;29,3;;;;;;;
10;1.1.2015;16,1;1;32,1;;;;;;;
10;1.1.2016;;;;Tieto puuttuu - luultavasti enimmäismaksut;;;;;;
10;1.1.2017;20,9;113;41,7;;;;;;;
10;1.1.2018;20,6;113;41,2;;;;;;;
;;;;;;;;;;;
300;1.1.2013;13,8;1;27,5;;;;;;;
300;1.1.2014;14,7;1;29,3;;;;;;;
300;1.1.2015;16,1;1;32,1;;;;;;;
300;1.1.2016;;;;Tieto puuttuu - luultavasti enimmäismaksut;;;;;;
300;1.1.2017;20,9;113;41,7;;;;;;;
300;1.1.2018;20,6;113;41,2;;;;;;;
;;;;;;;;;;;
989;1.1.2013;13,8;1;27,5;;;;;;;
989;1.1.2014;14,7;1;29,3;;;;;;;
989;1.1.2015;16,1;1;32,1;;;;;;;
989;1.1.2016;;;;Tieto puuttuu - luultavasti enimmäismaksut;;;;;;
989;1.1.2017;20,9;113;41,7;;;;;;;
989;1.1.2018;20,6;113;41,2;;;;;;;
;;;;;;;;;;;
581;1.1.2013;13,8;3;;Alkamispäivää ei voida vahvistaa;;;;;;
581;1.1.2014;14,7;3;;;;;;;;
581;1.1.2015;16,1;3;;;;;;;;
581;1.1.2016;20,9;1;41,7;;;;;;;
581;1.1.2018;20,6;1;41,2;Tapaa ei voida vahvistaa;;;;;;
;;;;;;;;;;;
153;1.1.2013;13,8;3;;;;;;;;
153;1.1.2014;14,7;3;;;;;;;;
153;1.1.2015;16,1;3;;;;;;;;
153;1.1.2016;16,4;3;;;;;;;;
;;;;;;;;;;;
405;1.1.2013;13,8;1;27,5;;;;;;;
405;1.1.2014;14,7;1;29,3;;;;;;;
405;1.1.2015;16,1;1;32,1;;;;;;;
405;1.1.2016;16,4;3;;;;;;;;
;;;;;;;;;;;
416;1.1.2013;13,8;1;27,5;;;;;;;
416;1.1.2014;14,7;1;29,3;;;;;;;
416;1.1.2015;16,1;1;32,1;;;;;;;
416;1.1.2016;16,4;3;;;;;;;;
;;;;;;;;;;;
441;1.1.2013;13,8;1;27,5;;;;;;;
441;1.1.2014;14,7;1;29,3;;;;;;;
441;1.1.2015;16,1;1;32,1;;;;;;;
441;1.1.2016;16,4;3;;;;;;;;
;;;;;;;;;;;
580;1.1.2013;13,8;1;27,5;;;;;;;
580;1.1.2014;14,7;1;29,3;;;;;;;
580;1.1.2015;16,1;1;32,1;;;;;;;
580;1.1.2016;16,4;3;;;;;;;;
;;;;;;;;;;;
739;1.1.2013;13,8;1;27,5;;;;;;;
739;1.1.2014;14,7;1;29,3;;;;;;;
739;1.1.2015;16,1;1;32,1;;;;;;;
739;1.1.2016;16,4;3;;;;;;;;
;;;;;;;;;;;
689;1.1.2013;13,8;1;27,5;;;;;;;
689;1.1.2014;14,7;1;29,3;;;;;;;
689;1.1.2015;16,1;1;32,1;;;;;;;
689;1.1.2016;16,4;3;;;;;;;;
;;;;;;;;;;;
700;1.1.2013;13,8;1;27,5;;;;;;;
700;1.1.2014;14,7;1;29,3;;;;;;;
700;1.1.2015;16,1;1;32,1;;;;;;;
700;1.1.2016;16,4;3;;;;;;;;
;;;;;;;;;;;
831;1.1.2013;13,8;1;27,5;;;;;;;
831;1.1.2014;14,7;1;29,3;;;;;;;
831;1.1.2015;16,1;1;32,1;;;;;;;
831;1.1.2016;16,4;3;;;;;;;;
;;;;;;;;;;;
106;1.1.2013;;;;Tieto puuttuu;;;;;;
106;1.1.2014;;;;Tieto puuttuu;;;;;;
106;1.2.2015;16,1;3;;;;;;;;
106;1.1.2016;20,9;3;;;;;;;;
106;1.1.2018;20,6;3;;;;;;;;
;;;;;;;;;;;
273;1.1.2013;13,8;3;;;;;;;;
273;1.1.2014;14,7;3;;;;;;;;
273;1.1.2015;16,1;3;;;;;;;;
273;1.2.2016;17,7;3;;;;;;;;
273;1.1.2018;20,6;3;;;;;;;;
;;;;;;;;;;;
216;1.1.2013;13,8;3;;;;;;;;
216;1.1.2014;14,7;3;;;;;;;;
216;1.1.2015;16,1;3;;;;;;;;
216;1.1.2016;16,4;3;;;;;;;;
216;1.4.2016;18,7;3;;;;;;;;
216;1.1.2017;20,9;3;;;;;;;;
216;1.1.2018;20,6;3;;Määrää ei voida vahvistaa;;;;;;
;;;;;;;;;;;
226;1.1.2013;13,8;3;;;;;;;;
226;1.1.2014;14,7;3;;;;;;;;
226;1.1.2015;16,1;3;;;;;;;;
226;1.1.2016;16,4;3;;;;;;;;
226;1.4.2016;18,7;3;;;;;;;;
226;1.1.2017;20,9;3;;;;;;;;
226;1.1.2018;20,6;3;;Määrää ei voida vahvistaa;;;;;;
;;;;;;;;;;;
265;1.1.2013;13,8;3;;;;;;;;
265;1.1.2014;14,7;3;;;;;;;;
265;1.1.2015;16,1;3;;;;;;;;
265;1.1.2016;16,4;3;;;;;;;;
265;1.4.2016;18,7;3;;;;;;;;
265;1.1.2017;20,9;3;;;;;;;;
265;1.1.2018;20,6;3;;Määrää ei voida vahvistaa;;;;;;
;;;;;;;;;;;
312;1.1.2013;13,8;3;;;;;;;;
312;1.1.2014;14,7;3;;;;;;;;
312;1.1.2015;16,1;3;;;;;;;;
312;1.1.2016;16,4;3;;;;;;;;
312;1.4.2016;18,7;3;;;;;;;;
312;1.1.2017;20,9;3;;;;;;;;
312;1.1.2018;20,6;3;;Määrää ei voida vahvistaa;;;;;;
;;;;;;;;;;;
729;1.1.2013;13,8;3;;;;;;;;
729;1.1.2014;14,7;3;;;;;;;;
729;1.1.2015;16,1;3;;;;;;;;
729;1.1.2016;16,4;3;;;;;;;;
729;1.4.2016;18,7;3;;;;;;;;
729;1.1.2017;20,9;3;;;;;;;;
729;1.1.2018;20,6;3;;Määrää ei voida vahvistaa;;;;;;
;;;;;;;;;;;
46;1.1.2013;13,8;1;27,5;;;;;;;
46;1.1.2014;14,7;1;29,3;;;;;;;
46;1.1.2015;16,1;1;32,1;;;;;;;
46;1.1.2016;20,9;1;41,7;;;;;;;
46;1.1.2017;20,9;2;;;;;;;;
46;1.1.2018;20,6;2;;;;;;;;
;;;;;;;;;;;
740;1.1.2013;13,8;1;27,5;;;;;;;
740;1.1.2014;14,7;1;29,3;;;;;;;
740;1.1.2015;16,1;1;32,1;;;;;;;
740;1.1.2016;20,9;1;41,7;;;;;;;
740;1.1.2017;20,9;2;;;;;;;;
740;1.1.2018;20,6;2;;;;;;;;
;;;;;;;;;;;
768;1.1.2013;13,8;1;27,5;;;;;;;
768;1.1.2014;14,7;1;29,3;;;;;;;
768;1.1.2015;16,1;1;32,1;;;;;;;
768;1.1.2016;20,9;1;41,7;;;;;;;
768;1.1.2017;20,5;1;41,7;;;;;;;
768;1.3.2017;20,9;1;41,7;;;;;;;
768;1.1.2018;20,6;1;41,2;;;;;;;
;;;;;;;;;;;
176;1.1.2013;13,8;3;;Alkamispäivää ei voida vahvistaa;;;;;;
176;1.1.2014;14,7;3;;;;;;;;
176;1.1.2015;16,1;3;;;;;;;;
176;1.1.2016;20,9;3;;Alkamispäivä epävarma;;;;;;
176;1.1.2018;20,6;3;;;;;;;;
;;;;;;;;;;;
231;1.1.2013;13,8;1;27,5;;;;;;;
231;1.1.2014;14,7;1;29,3;Alkamispäivä epävarma - kokous 22.1.;;;;;;
231;1.1.2015;16,1;1;32,1;Alkamispäivä epävarma - kokous 21.1.;;;;;;
231;1.1.2016;20,9;1;41,7;Alkamispäivä epävarma - kokous 20.1.;;;;;;
231;1.1.2018;20,6;1;41,2;Alkamispäivä epävarma - kokous 17.1.;;;;;;
;;;;;;;;;;;
280;1.1.2013;;;;Tieto puuttuu;;;;;;
280;1.1.2014;;;;Tieto puuttuu;;;;;;
280;1.1.2015;;;;Tieto puuttuu;;;;;;
280;1.1.2016;;;;Tieto puuttuu;;;;;;
280;1.1.2018;;;;Tieto puuttuu;;;;;;
;;;;;;;;;;;
287;1.1.2013;13,8;1;27,5;;;;;;;
287;1.1.2014;14,7;1;29,3;;;;;;;
287;1.1.2015;;;;Tieto puuttuu - luultavasti enimmäismaksut jos  tehty korotus;;;;;;
287;1.1.2016;20,9;1;41,7;;;;;;;
287;1.1.2018;20,6;1;41,2;;;;;;;
;;;;;;;;;;;
475;1.1.2013;;;;Tieto puuttuu;;;;;;
475;1.1.2014;;;;Tieto puuttuu;;;;;;
475;1.1.2015;;;;Tieto puuttuu;;;;;;
475;1.1.2016;;;;Tieto puuttuu;;;;;;
475;1.1.2018;;;;Tieto puuttuu;;;;;;
;;;;;;;;;;;
545;1.1.2013;13,8;1;27,5;;;;;;;
545;1.1.2014;14,7;1;29,3;;;;;;;
545;1.1.2015;16,1;1;32,1;;;;;;;
545;1.1.2016;20,9;1;41,7;;;;;;;
545;1.1.2018;20,6;13;41,2;Tapaa ei voida vahvistaa;;;;;;
;;;;;;;;;;;
890;1.1.2013;;0;27,5;;;;;;;
890;1.1.2014;;0;29,3;;;;;;;
890;1.1.2015;16,1;;32,1;Tapaa ei määritelty - luultavasti vuosimaksu jollain tavoin;;;;;;
890;1.1.2016;20,9;;41,7;Tapaa ei määritelty - luultavasti vuosimaksu jollain tavoin;;;;;;
890;1.1.2018;20,6;1;41,2;;;;;;;
;;;;;;;;;;;
19;1.1.2013;13,8;3;;;;;;;;
19;1.1.2014;14,7;3;;;;;;;;
19;1.2.2015;16,1;3;;;;;;;;
19;1.1.2016;20,9;3;;;;;;;;
19;1.1.2018;20,6;3;;;;;;;;
;;;;;;;;;;;
636;1.1.2013;13,8;3;;;;;;;;
636;1.1.2014;14,7;3;;;;;;;;
636;1.2.2015;16,1;3;;;;;;;;
636;1.1.2016;20,9;3;;;;;;;;
636;1.1.2018;20,6;3;;;;;;;;
;;;;;;;;;;;
47;1.1.2013;13,8;1;27,5;;;;;;;
47;1.1.2014;14,7;1;29,3;;;;;;;
47;1.1.2015;16,1;1;32,1;;;;;;;
47;1.1.2016;20,9;1;41,7;;;;;;;
47;1.1.2018;20,6;1;41,2;;;;;;;
;;;;;;;;;;;
498;1.1.2013;13,8;1;27,5;;;;;;;
498;1.1.2014;14,7;1;29,3;;;;;;;
498;1.1.2015;16,1;1;32,1;;;;;;;
498;1.1.2016;20,9;1;41,7;;;;;;;
498;1.1.2018;20,6;1;41,2;;;;;;;
;;;;;;;;;;;
319;1.1.2013;13,8;3;;;;;;;;
319;1.1.2014;14,7;3;;;;;;;;
319;1.1.2015;16,1;3;;Lakkautettu vuoden 2016 alusta;;;;;;
;;;;;;;;;;;
783;1.1.2013;13,8;3;;;;;;;;
783;1.1.2014;14,7;3;;;;;;;;
783;1.1.2015;16,1;3;;;;;;;;
783;1.1.2016;20,9;3;;Alkamispäivä epävarma;;;;;;
783;1.1.2018;20,6;3;;;;;;;;
;;;;;;;;;;;
261;1.1.2013;;;;Tieto puuttuu;;;;;;
261;1.1.2014;14,7;1;29,3;Alkamispäivää ei tiedetä;;;;;;
261;1.2.2015;16,1;1;32,1;;;;;;;
261;1.1.2016;18;1;36;;;;;;;
261;1.2.2018;18,4;1;36,7;;;;;;;
;;;;;;;;;;;
702;1.1.2013;;;;Tieto puuttuu;;;;;;
702;1.1.2014;14,7;;29,3;Tapaa ei tiedetä - enimmäismäärät;;;;;;
702;1.1.2015;;;;Tieto puuttuu;;;;;;
702;1.1.2016;16,4;3;;;;;;;;
702;1.1.2017;20,9;3;;Alkamispäivää ei tiedetä - mahdollisesti 1.3. koska eräs kokous 21.2.;;;;;;
702;1.1.2018;20,6;3;;Alkamispäivä epävarma - kokous 23.1.;;;;;;
;;;;;;;;;;;
936;1.1.2013;;;;Tieto puuttuu;;;;;;
936;1.1.2014;14,7;;29,3;Tapaa ei tiedetä - enimmäismäärät;;;;;;
936;1.1.2015;;;;Tieto puuttuu;;;;;;
936;1.1.2016;16,4;3;;;;;;;;
936;1.1.2017;20,9;3;;Alkamispäivää ei tiedetä - mahdollisesti 1.3. koska eräs kokous 21.2.;;;;;;
936;1.1.2018;20,6;3;;Alkamispäivä epävarma - kokous 23.1.;;;;;;
;;;;;;;;;;;
915;1.1.2013;13,8;3;;;;;;;;
915;1.1.2014;14,7;3;;;;;;;;
915;1.1.2015;16,1;3;;;;;;;;
915;1.1.2016;16,4;3;;;;;;;;
915;1.8.2016;18,7;3;;;;;;;;
915;1.1.2018;20,6;3;;;;;;;;
;;;;;;;;;;;
481;1.1.2013;;;;Tieto puuttuu;;;;;;
481;1.1.2014;;;;Tieto puuttuu;;;;;;
481;1.1.2015;;;;Tieto puuttuu;;;;;;
481;1.1.2016;20,9;1;41,7;;;;;;;
481;1.1.2018;20,6;1;41,2;;;;;;;
;;;;;;;;;;;
503;1.1.2013;;;;Tieto puuttuu;;;;;;
503;1.1.2014;;;;Tieto puuttuu;;;;;;
503;1.1.2015;;;;Tieto puuttuu;;;;;;
503;1.1.2016;20,9;1;41,7;;;;;;;
503;1.1.2018;20,6;1;41,2;;;;;;;
;;;;;;;;;;;
538;1.1.2013;;;;Tieto puuttuu;;;;;;
538;1.1.2014;;;;Tieto puuttuu;;;;;;
538;1.1.2015;;;;Tieto puuttuu;;;;;;
538;1.1.2016;20,9;1;41,7;;;;;;;
538;1.1.2018;20,6;1;41,2;;;;;;;
;;;;;;;;;;;
734;1.1.2013;13,8;3;;;;;;;;
734;1.1.2014;14,7;3;;;;;;;;
734;1.1.2015;16,1;1;32,1;Vuosimaksun suuruutta ei voida vahvistaa;;;;;;
734;1.1.2016;16,4;1;32,7;;;;;;;
734;1.3.2016;18,4;1;36,6;;;;;;;
;;;;;;;;;;;
72;1.1.2013;;;;Puuttuu;;;;;;
72;1.1.2014;;;;Puuttuu;;;;;;
72;1.1.2015;;;;Puuttuu;;;;;;
72;1.1.2016;16,4;13;32,7;Alkamisajan lähteenä Kuntaliiton kysely;;;;;;
72;1.4.2018;20;13;40;;;;;;;
;;;;;;;;;;;
;;;;;;;;;;;
;;;;;;;;;;;